medallion_hash,hack_license_hash,pickup_datetime,dropoff_datetime,pickup_longitude,pickup_latitude,dropoff_longitude,dropoff_latitude,fare_amount
84a183530899658720996137eb26ec5f,6d06dbb3805ce5086b1295be1dabf1ab,2014-10-14 04:34:21,2014-10-14 04:37:21,-73.962028,40.696708,-73.976104,40.738815,12.43
ad875269245f5f8e9b5a507dab91df28,a3653323758208dbc780890d59e5024b,2014-10-12 09:12:08,2014-10-12 09:25:08,-73.957124,40.769898,-73.982981,40.780682,7.15
7e701e7093ac041c1db6ac829ba96b53,d4775c2a6f755d1c90713cb607d4ba5e,2014-07-22 14:48:32,2014-07-22 15:31:32,-73.78029,40.643169,-73.979458,40.660572,30.53
6efa23d493a3a96b52aabf10fe9db620,f4f52a7ab153c734bed4d7d8dc1ab4c9,2014-06-15 02:02:05,2014-06-15 02:48:05,-74.009903,40.742792,-73.811942,40.726914,29.33
aba5c14ec6f9b78135060648073210ea,59d85a4030f0a8228773113128f0b9c0,2014-02-26 02:12:21,2014-02-26 03:11:21,-73.979744,40.719168,-73.962036,40.737426,9.36
46c3c2628bfcaca769f30329b21d6dae,0b5451a36c86e420e00c625a25cfb8d6,2014-04-23 10:01:28,2014-04-23 10:22:28,-73.950451,40.718917,-73.969101,40.71525,6.15
6c125c5ea35888ca6a7e015e2aa3a35a,3c820c761e505756d3d3719dfe30a474,2014-08-03 17:27:10,2014-08-03 17:40:10,-73.994872,40.632123,-73.948397,40.701154,16.77
9d7b3d1f4f56adaa82acd235d1a2d83e,06ae9913cf09e3a5529114b6420ce70f,2014-11-23 18:39:09,2014-11-23 19:15:09,-73.993138,40.774191,-73.836724,40.668411,30.8
3e4ca81877c139b165ad904c02fa6cc7,dac3d60705adb2995cf6ddfc74c21cfa,2014-06-15 01:55:55,2014-06-15 02:10:55,-74.010777,40.738188,-73.948172,40.717715,13.16
a7255badab5e03fc3c35c11f17054ed3,0946d592168f31b054a1cba0899c9121,2014-06-15 01:54:52,2014-06-15 02:11:52,-74.011788,40.740843,-73.953894,40.771602,13.3
fbc9fc61a592611377f7bf07f43b03a5,80bdf0aa791c865659e66156b37fa783,2014-06-15 01:55:14,2014-06-15 02:54:14,-74.010808,40.742328,-73.963399,40.78346,12.8
7e774aa3143a39c60c04522e849beecb,c645381acf7b6a11632b08d790d171c7,2014-07-22 14:53:49,2014-07-22 15:23:49,-73.777413,40.638786,-73.876277,40.63114,18.02
17fb52940d12b7bc262e2028f01c9c3c,aa6850948d1690435b1339ba4dcc0aa8,2014-07-22 14:38:32,2014-07-22 15:32:32,-73.779511,40.644054,-73.953624,40.714771,29.23
0e5afa86a3cc3c30f14a31a7151989bc,9f9199a5072b5aeece0891b52dec3e6a,2014-10-12 09:23:42,2014-10-12 09:43:42,-73.963331,40.770066,-73.808475,40.708018,28.37
6ff4b72eedd3a45c0d5a228c333721f1,38dd56b4f4a0aa6f1fc365821025ef4e,2014-06-15 01:57:49,2014-06-15 02:26:49,-74.005935,40.740709,-73.901836,40.703967,20.02
b425b629725bdbb5cfdc90c7ec84c67c,25543a0eb20ff8632baf921f61b72a27,2014-12-20 23:43:40,2014-12-21 00:21:40,-73.90707,40.62013,-73.98686,40.782937,35.43
0780a2bec42cc748ce25722acd85858b,d9a9bef7a42e730077c2f08f517c3630,2014-06-15 02:05:45,2014-06-15 02:57:45,-74.008123,40.743021,-74.003801,40.72746,6.46
e2a20a738bb7961487647b5481e9d344,f9a54b0f763224029097e82ad2008cde,2014-09-10 23:11:40,2014-09-10 23:39:40,-73.997253,40.752455,-73.939535,40.666199,22.2
a6c04f3ce33059c69c2d0422638e6735,d50777e11143a64f0fb08f9e920d55d1,2014-07-22 14:37:46,2014-07-22 15:21:46,-73.77924,40.638664,-73.946338,40.744162,33.31
76b7006c9cbba0e4492b3460635cc868,ec06f018c0d933aae82dfae0d53e6cd7,2014-10-12 09:22:29,2014-10-12 09:58:29,-73.963818,40.776117,-73.891713,40.746045,14.1
f457d10d560c803e9ab214eb6c23300b,584f64b23a28f06244f5e5a63bcb0a16,2014-09-10 23:23:44,2014-09-10 23:56:44,-73.997189,40.750887,-73.800797,40.688118,31.16
ce630d04159540e2cae1d681e7a3f442,5b82027e6b3b703805ee12248755583e,2014-12-18 06:37:18,2014-12-18 07:25:18,-73.94431,40.719609,-73.940407,40.739609,7.92
49e06386e3df30ffb6a98d4321874bf0,296aeeaeaeb8ef7b7ea2bb5894968e6b,2014-07-22 14:37:55,2014-07-22 14:50:55,-73.778731,40.640777,-73.927775,40.721747,29.38
01e762b1ba12b6398ad490dd30b61f65,05b3f1af41352121ed23871912c17b61,2014-04-17 11:15:01,2014-04-17 12:02:01,-73.964706,40.704545,-73.861239,40.723271,18.78
1d452eaf6abf97ff830b27793689a48d,910b82bcf54dd8192536480c40cf1456,2014-07-22 14:53:27,2014-07-22 15:39:27,-73.77912,40.637545,-73.825904,40.643086,10.67
10d762de2cc6967f1a397d0bd6862694,efcf586d1e7dabd0f36951c3b5922293,2014-01-27 01:48:33,2014-01-27 01:51:33,-73.990224,40.751982,-74.008027,40.710361,11.82
7d4b28ade524fce30bdc04be3a7cbf20,2638fe978aaadfdf2101763b7813634e,2014-07-28 16:23:07,2014-07-28 16:33:07,-73.951917,40.748081,-73.920321,40.658085,21.14
8f1dbe78c521f384a55ad0c77f75545d,917e5a70b1c962cbea804037e987ce83,2014-12-24 13:03:15,2014-12-24 13:30:15,-73.955696,40.787714,-73.910146,40.736899,16.01
22d136bc5608d31dccf7c6ae4edc79c6,bb261536a05751f0780c94d39870ce86,2014-10-12 09:20:03,2014-10-12 10:07:03,-73.959661,40.776069,-74.003523,40.778769,10.96
d4e65a3649fb55239f67fb12a60ac4a5,959b04ac393cdae902f548bbf4964aa0,2014-05-27 15:07:00,2014-05-27 15:18:00,-73.992487,40.761904,-73.850801,40.64388,31.96
089c2ea7233556dcb79b3749e7c50746,98ff577114557dd9d8a1bc072fc5437f,2014-09-10 23:14:12,2014-09-10 23:54:12,-73.993544,40.753396,-73.873268,40.628782,32.16
fe6c2621eaf58a69a14da259d2edafed,a3925253aba9bad16846b325d097a690,2014-06-15 01:58:27,2014-06-15 02:49:27,-74.009281,40.739272,-73.99854,40.718141,8.55
535c2fa22f9d8b69cf6aa0668a255048,ad0ce738ccdca5634adc34410884e6cb,2014-09-27 23:52:54,2014-09-28 00:06:54,-74.000156,40.780051,-73.958754,40.636746,28.74
94996fee16e0cb3a37a01df7447f1e54,2f5274ea1ca6cb7b018daae57fec5a50,2014-06-15 02:01:47,2014-06-15 02:34:47,-74.009577,40.740338,-73.929612,40.696885,16.07
9f7221deaeb56da8ff47d50ad04171aa,fe26777923ed531a5ec70e21de15cd4c,2014-07-22 14:49:05,2014-07-22 15:34:05,-73.781292,40.640465,-73.804828,40.661938,9.65
161637a2caed757a6e45845d937528af,d71a5e83dc1e1b5348f872759c613e41,2014-12-17 02:04:34,2014-12-17 02:07:34,-73.954281,40.755579,-73.921442,40.683567,16.36
d8804787e720aa0cc644e477af1de7d9,df1ebc516fa58d5c4d00c49188ac4378,2014-10-12 09:15:00,2014-10-12 09:40:00,-73.96,40.7725,-73.995,40.69,34.5
82a347a24b3f2cb71373b168dac19a4b,ab310532ad5bec71f4eb7eedd5fbbcde,2014-06-15 01:53:52,2014-06-15 02:25:52,-74.004215,40.74109,-73.941364,40.630244,25.41
4332205136ed3ae2d25284d31f13ed85,32a2cd1011d46b40463318bb624f1a7b,2014-09-10 23:07:37,2014-09-10 23:46:37,-73.990886,40.751988,-73.888932,40.724531,19.3
a579598bfc488f4477b5ffcb30b1d343,9a0f64d178922dc291e7e19ac5df9dab,2014-10-12 09:06:16,2014-10-12 09:31:16,-73.959988,40.772119,-73.967448,40.747016,9.51
ea1e031ef04f50863a8e506cede22d1f,5b232e3f996858a1ff98557d77831b2b,2014-09-10 23:07:45,2014-09-10 23:22:45,-73.994131,40.74831,-73.933984,40.792544,14.52
ee90e3cc8c60ca5d7910fa197a15d656,936b88681055b366d11cc6058e106eb4,2014-03-05 08:36:59,2014-03-05 08:58:59,-73.988825,40.640087,-73.874503,40.709965,22.54
d4ab576f7bfa80681ff677adf0fe17e6,4b7a31462a430100c44896085f78a05b,2014-04-15 14:37:34,2014-04-15 15:16:34,-73.966723,40.641323,-73.962252,40.730058,20.08
1234202037d11e950671cb664aee157a,d0020cc093469daf88ce61fdb9e2d934,2014-10-12 09:07:09,2014-10-12 10:00:09,-73.959255,40.773778,-73.949398,40.63546,27.09
d3ecd43d2aa20988c87bcf01351a68df,a476ba0671545b899fc8c0420fdabe58,2014-07-22 14:38:59,2014-07-22 15:37:59,-73.780107,40.643678,-73.947447,40.79894,38.53
535e71327f4945924c0949fee845dad5,639865d3abc99ab4df876501ce79ec52,2014-03-01 03:07:56,2014-03-01 04:07:56,-73.973718,40.767391,-73.964656,40.661657,23.11
ee99e62e4b8480907832ad2868b39032,14e285018a34051b2252bab87af181dc,2014-03-18 15:51:58,2014-03-18 16:00:58,-74.009232,40.729996,-73.819002,40.675868,31.41
d6948fb89fdcd06a2140116275452eb4,f46d81bb174cf6f8b9b936c4a6999a1d,2014-08-16 15:24:40,2014-08-16 16:24:40,-73.996734,40.787601,-73.954653,40.742687,13.76
b037e573b39c2767b61a8607deebadde,15c0b67b3d5cacc01b61fb27880225e1,2014-09-10 23:13:04,2014-09-10 23:38:04,-73.995693,40.74827,-73.941285,40.663039,21.73
02c49a409c2dc66b1dbd44a6ef1b75b5,aff30792a18be7b4bfbd48ae717fe838,2014-06-15 01:57:34,2014-06-15 02:43:34,-74.007398,40.743488,-73.956217,40.799957,15.5
1c3c83900062c9aa932f91c77854d1a0,1b605bd36a024fb94c64b0521e8bcd8a,2014-07-11 13:49:42,2014-07-11 14:13:42,-73.979275,40.728526,-73.809297,40.718449,25.42
91e9c40adc74dc5a5fe7f6178eaf6ec4,f8deb92bb2a1b7b6ab5779d6a60db032,2014-01-20 10:43:08,2014-01-20 11:42:08,-73.865001,40.675341,-73.995294,40.719688,22.37
f003b055b21db1bf03ff509d9843b3b0,ae5746607c948970cb5f319bb5003895,2014-09-10 23:07:46,2014-09-10 23:44:46,-73.995782,40.751972,-73.953589,40.7309,10.92
e671fa2487a9a0f9dfa40a98690f57ce,662cc04f0b896261ec46e09134c44fbf,2014-07-22 14:51:08,2014-07-22 15:11:08,-73.779996,40.641491,-73.969137,40.749615,34.16
fcd387c7a917edb3b6f634ee8dfb88b8,f65b4db35e2e53bbf81baadd6a427db8,2014-10-12 09:21:50,2014-10-12 10:18:50,-73.962473,40.77482,-73.970367,40.720064,13.57
95ccc30b5ca43660175b62790532ed3e,568d3af022d1e23e4775330cd48c3f11,2014-06-11 21:45:24,2014-06-11 22:40:24,-73.908584,40.623636,-74.009118,40.756421,30.2
6c5f26d8c07373178a11b39ad2f87f34,c14f9c5b2aef3e0ddeacc11abf9d56df,2014-02-17 22:19:00,2014-02-17 22:44:00,-73.832171,40.670278,-73.803241,40.725543,13.58
83134ebc84e5db692eac17657bee022a,9c25b9af98a8f30d6c2981e2ed0b102f,2014-07-22 14:36:59,2014-07-22 15:29:59,-73.78197,40.643994,-74.009946,40.744129,39.9
853851c98f83651f0c3d51c44dc26f58,11691d31169f87b585d4e886c0ecf346,2014-06-15 02:05:47,2014-06-15 02:09:47,-74.010041,40.742732,-73.955864,40.773647,14.11
86132426389564d2a5c443ad19cd5255,b12bccc24d8541085b126d57144923af,2014-12-24 21:57:53,2014-12-24 22:07:53,-73.91274,40.64525,-73.936953,40.725526,19.03
d29c5537b0fcd75f5e763d7c7b14c4bc,85de300ea906fd1e5c45bb26d1547fcf,2014-09-10 23:17:13,2014-09-11 00:07:13,-73.993111,40.751075,-73.973871,40.752065,7.59
67c2b72eb78e36bf7a24b7d432686767,1f65e126c8fb4a51b1da583a037f7717,2014-09-10 23:11:39,2014-09-10 23:39:39,-73.992472,40.752295,-73.994479,40.783204,10.43
2717e0f68b8decd0a49422498c6d7ee4,a863f96673e588e308b9a26664e04a05,2014-11-03 15:29:29,2014-11-03 15:41:29,-73.840878,40.626924,-73.94188,40.787285,36.12
51c41474a484c4ee3a0fe89768581f28,b27cc7ac1c5b7650966aac5dcab066ce,2014-07-22 14:45:05,2014-07-22 15:05:05,-73.781199,40.638842,-73.958137,40.773112,37.58
6ab8d0bb3ef9406cf33765051318b728,5544d472b69fa339adb591f0bf09d95a,2014-10-12 09:06:58,2014-10-12 09:22:58,-73.95719,40.775864,-73.882124,40.66764,25.22
5dbad66adcfdadc48e761373fe0b3078,f3fac9574733c77d2b5ebd772fc0e62a,2014-09-10 23:21:01,2014-09-10 23:27:01,-73.991452,40.749387,-73.84115,40.726863,23.2
706bf44aee7904b636788836371e3de4,d3cba4b5610c19301919c79cf17a9db7,2014-06-15 02:05:03,2014-06-15 02:22:03,-74.009817,40.740706,-73.932774,40.623773,27.28
9f9d5320459485db068306b6d34728af,54ec0d9aeba8b1cbf8f01dd169878170,2014-09-10 23:20:46,2014-09-10 23:23:46,-73.992751,40.754251,-73.969002,40.709493,13.26
e8ef232251dd56016c0dc957f69ededf,8593f849baf738535aee0ecfc5f9040f,2014-06-15 02:01:45,2014-06-15 02:38:45,-74.007107,40.742428,-73.965632,40.766786,12.2
71d8c6f5124c9d30fac0ae2aadbde722,4a16492f003069df4e460e240547bfa7,2014-12-29 07:34:56,2014-12-29 07:59:56,-73.932647,40.742256,-73.947748,40.632758,22.77
2e86563ddc6979f7d3bd2d957f4db476,0ec8c2ff81f778e434f06e7b1ae9a70e,2014-06-15 02:12:15,2014-06-15 02:31:15,-74.007227,40.737106,-73.937265,40.714711,14.46
0ce20c6dbe6c812107b07c3ae6370db2,cd4cf2d0ad8871d7e3ec141fb55508da,2014-06-15 13:25:54,2014-06-15 13:29:54,-73.979572,40.786435,-73.953987,40.752497,12.2
17bca686277ac5a41b54e54a97ea196f,5d4cadce123e77690f4b41736198fc33,2014-09-10 06:59:19,2014-09-10 07:30:19,-73.830586,40.633471,-73.963615,40.775794,35.11
fd832939cd90fe86c92fa7d790326ca4,9dc5a29b462fcffc2bf8ee0a5998acc7,2014-01-04 13:38:35,2014-01-04 14:15:35,-73.811422,40.638811,-73.900033,40.728838,23.54
0b0f186d7b3ed9e6d7f7ac9ced9cd597,5707625d8e4322bf63e39d2d953c060b,2014-07-22 14:46:52,2014-07-22 15:17:52,-73.776474,40.642082,-74.006461,40.724473,37.42
4aad54cd0c91388e39734502c550898e,480838749b9830d8bfeb3a386fa7f09d,2014-06-15 01:56:04,2014-06-15 02:27:04,-74.009024,40.744391,-73.967643,40.757392,9.86
4bf0b8a1f413ae730f30cd925130a04b,1f05e37efdbff1559c3c23437e436145,2014-07-22 14:36:16,2014-07-22 14:42:16,-73.781548,40.644777,-73.918227,40.624126,23.19
3a4ecca1009f0dc2394aa1c8387a7a32,ef03e73cc657278ec0bbb250e44a1e28,2014-09-10 23:06:14,2014-09-10 23:59:14,-73.991371,40.748861,-73.973792,40.735868,7.75
a7d1cdb0c4a7ec91ec3177dc0e18e538,1bc9dc91e9cb3764e80699f5dba63f98,2014-06-15 01:05:25,2014-06-15 01:52:25,-73.867765,40.749249,-73.930067,40.792046,16.37
d2d1b51e036a7d591846f87c9bdf85fd,b6c64ed4cb148aa40847c799ef089f5a,2014-08-10 22:02:57,2014-08-10 22:13:57,-73.93729,40.70635,-73.963022,40.723379,9.5
2dd922c87a37c3a35f9c6c5efe1e51c5,c7ccf23a2d98e317384bb00f4b69d2f7,2014-06-03 21:13:27,2014-06-03 22:06:27,-73.997429,40.761012,-73.931508,40.795671,15.13
4099d5b349ea57366d04ec05bf3f342d,efe0cec96bdcb5d3a95caa3c9e3062e7,2014-08-13 09:53:09,2014-08-13 10:23:09,-73.801046,40.631758,-73.979199,40.718187,31.5
3fa08f61d339953b0c6d8c13cddf44d2,a4bc0759bbe4eda1fd912fbd402aa4ea,2014-10-12 11:52:42,2014-10-12 12:50:42,-73.983231,40.764709,-73.942112,40.713777,14.41
591497fe3640bff4fce7a9cd97ddc7ab,a2fe006ff242d17a3135a35416588d43,2014-07-22 14:45:38,2014-07-22 15:14:38,-73.777865,40.637395,-73.942662,40.689646,27.66
c938df55a3a68d669bfe31acbfd57dae,e6d5d859b1885e150cd1a53a96d9569d,2014-09-10 23:22:38,2014-09-10 23:53:38,-73.996783,40.747825,-73.962619,40.647497,21.8
8bf6a93c9a9537e26a8b7a15e93f556e,bf5e8b945d05f36f4aca9d1c25d0782e,2014-10-12 09:07:58,2014-10-12 09:50:58,-73.963697,40.768507,-73.859989,40.654637,29.16
f927b7d2479988f49ff57ab3a7d2183f,86eef8bfa224b17976c02094e01eb319,2014-05-20 01:36:45,2014-05-20 01:50:45,-73.967416,40.789269,-74.00618,40.744206,13.88
aac02ce039b299b08601201686a0adfa,3e20ec7908e804524ab34e7857e05dc0,2014-10-12 09:13:04,2014-10-12 10:02:04,-73.957717,40.774747,-73.933668,40.700331,18.28
3e003ffd1d1842fbe924399c761540e1,885bbe7b923f7799e49e4e6f0de3c372,2014-07-22 14:46:42,2014-07-22 15:18:42,-73.778336,40.64411,-73.994436,40.747222,36.74
b1cf25abdd53d6fa5f17da1d961e243c,63f699811f1774b62a4c10e0f3bcf034,2014-09-10 23:10:17,2014-09-10 23:23:17,-73.99536,40.751172,-73.812501,40.680623,29.96
6ed4ec40ed1d1936783291e9d2f3be5d,9c01adc4b143b035cf6ba14cadfb00ca,2014-10-12 09:05:31,2014-10-12 09:51:31,-73.963024,40.776351,-73.809756,40.696744,29.41
0d8287e32ecdf2f66477a20b8077ce94,edcae0bcabe5f3aa991bb3e8031088fc,2014-09-10 23:08:14,2014-09-10 23:25:14,-73.992176,40.749008,-73.920909,40.6987,17.97
21fc58afbc8598230242f146b81d65a7,6fb60395b70af6ce1fe396039d66ba71,2014-09-10 23:06:51,2014-09-10 23:28:51,-73.99022,40.749083,-73.942535,40.775844,10.93
b17db45bf425e23d49808b352eb3d9f8,98a9bdf05dc4afd1f2ce8cf4f812965d,2014-04-29 22:41:44,2014-04-29 22:54:44,-73.912198,40.717766,-73.962514,40.761661,14.78
94fe67cc5622901258d79f6610a6915c,df1caeaa09f66966d480d1c42497c1dc,2014-06-15 02:03:02,2014-06-15 02:23:02,-74.009944,40.743444,-73.940972,40.74576,14.21
d3d153ce727ce71449d36c2d17d5b1ff,217b723ca71a92fda021c859d46d49b4,2014-07-04 01:00:04,2014-07-04 01:48:04,-73.94161,40.718867,-73.998102,40.762891,13.91
ab68f50158a41a4ccb6dffc7f0d43f93,faa2258a7bd8fb98c5c3e213d372f248,2014-08-11 08:08:23,2014-08-11 09:07:23,-74.001175,40.777955,-73.96114,40.796826,9.49
6f72c83d3bb607727e51482889b06119,8b7d77a28d11bf59309da4e2bba39dcc,2014-10-28 08:41:39,2014-10-28 08:57:39,-73.99371,40.680799,-73.957333,40.71153,10.6
7e15a2ef3e2b9e1cdc57447498df9e74,6ae0ea9f427561ba7b9b6517d2c6ef99,2014-10-12 09:19:31,2014-10-12 09:25:31,-73.961086,40.772678,-73.950285,40.724037,13.43
3b74534927f8541eabd9616ba1e50410,5540b779a3722ec371e1418499f57535,2014-10-12 09:09:55,2014-10-12 09:29:55,-73.956504,40.775535,-73.926452,40.681779,20.44
0314315b509545bc2e51e472c5da0423,f775d7f87a5bbeae45ba756238750add,2014-06-15 02:05:20,2014-06-15 02:23:20,-74.004633,40.741849,-73.975282,40.774677,10.09
225884ad82da75af48664887b58f4495,f9ae7361b2ca1cfda23ef7cb2554de70,2014-06-15 02:10:26,2014-06-15 03:07:26,-74.010403,40.740566,-73.835893,40.665456,31.46
e1a404fb454ac9c7fbbde8b53fe369f6,a1af59eae896306e660b72ca9786c8ea,2014-02-02 17:33:18,2014-02-02 17:38:18,-73.85199,40.714263,-73.801615,40.636381,18.69
34d53b484a273b3508aaa0dee4d794c2,18c8d538413343747fd69daf562483c5,2014-07-22 14:36:29,2014-07-22 14:49:29,-73.780813,40.644403,-73.93815,40.754705,31.3
1ee4f3f300503739f008fceb93d64067,dbda407ec7fd4f951a327e6853a8e3d7,2014-10-12 09:05:57,2014-10-12 09:44:57,-73.962193,40.771716,-73.963745,40.771771,4.68
e369c33866c97287eb2e9c3a35e392cb,962b536a74142289d878fe74074a063d,2014-07-22 14:49:13,2014-07-22 15:14:13,-73.781708,40.64047,-73.801865,40.653822,6.58
23e717af38395d4a5e242ae2c4600042,f72c902faeda2fe111e3f197c9613f08,2014-09-10 23:19:31,2014-09-11 00:00:31,-73.993035,40.748426,-73.814771,40.719542,27.5
3cc521291a87f1ec4dc8533731805178,6f54d5f880ea388412ee15df172b163b,2014-04-24 12:44:23,2014-04-24 13:41:23,-73.994399,40.702779,-73.939409,40.647516,16.42
fd0dcde1db19845d6e1499edb6cfe336,c296e53e5d63cc43a82f6874a2e061b9,2014-06-29 16:38:03,2014-06-29 17:17:03,-73.93952,40.728791,-73.953975,40.745631,8.25
9f5381990a4d91b96d30636aeb4a25fa,e4ee2d0f0244f1c7970279224b84c6cb,2014-06-28 21:58:37,2014-06-28 22:08:37,-73.949757,40.786189,-73.806833,40.735414,24.69
6d3b2a7682c30dcf64f3f12976ef93b6,2627879645a26ef87eaaf948b491bd07,2014-06-10 10:37:08,2014-06-10 11:22:08,-73.933396,40.798618,-74.00867,40.781262,14.19
f11a3c9f63bcc26a0f557646838eec53,cbae4e0deaf3aa6df2997b0becb135f3,2014-07-22 14:36:44,2014-07-22 15:06:44,-73.777662,40.640891,-73.982076,40.633428,31.21
d7d10754eebe89440461e47ed0ab7e8a,d7a33e7e59206efa178dea4333aa7d40,2014-04-21 08:00:43,2014-04-21 08:14:43,-73.982815,40.771884,-73.964292,40.692086,17.05
0314315b509545bc2e51e472c5da0423,9be534baba147ba01d760affe5cf89b8,2014-10-12 09:09:43,2014-10-12 09:54:43,-73.958085,40.773857,-73.880785,40.634862,29.87
4ef0b9d4db40632ed196534d0d1bd595,7d1b2e878e814f4afda3068d7b54d4a2,2014-07-22 14:40:06,2014-07-22 15:17:06,-73.777349,40.642285,-73.957715,40.766197,34.92
053c53c0b0f7b1637aada91275023367,b336d83ac70ed54619e7b184400b3d11,2014-06-15 15:02:17,2014-06-15 16:01:17,-73.878607,40.62321,-73.931992,40.736029,25.95
4c1d6a9f8d5d625ac9921dfba95b3017,e20a0dc22765022336b59c6a46dc8b41,2014-09-10 23:09:22,2014-09-10 23:43:22,-73.995285,40.748354,-73.993458,40.704281,12.89
34700bfd6ad38aea9d4f896c913dda59,b573389179fdd6ac572d807a2ceefe12,2014-08-28 14:36:58,2014-08-28 15:14:58,-73.935345,40.737421,-73.960833,40.749407,7.83
6fb45d6094a2ad2d3a1451611a93fb5d,9a93ec6d1d17f7bfa1c0b917b9ba4b21,2014-10-12 09:15:20,2014-10-12 09:51:20,-73.963292,40.775619,-73.867253,40.701986,22.55
02f633a74eab5a22b9daaddcc4b9b357,62b43ea2f6c677c63b53377cffd53225,2014-10-12 09:14:18,2014-10-12 09:43:18,-73.961251,40.76987,-73.842091,40.698473,24.48
f7356200748b4d66498bf9858b456eb6,c84505c451bd4495da5536f1bd995689,2014-10-12 09:13:38,2014-10-12 09:57:38,-73.96132,40.775367,-73.948931,40.724301,13.43
f9c52eba5415b049d9c76bc5be798596,739cf9b9bf5d2e4ab7f226c0f12696db,2014-12-15 03:59:45,2014-12-15 04:31:45,-74.000911,40.78643,-73.918723,40.746097,17.11
9325401f7c925c136039bccd3d440f97,d4bb6668dfe5a78a5488911620094028,2014-09-10 23:15:58,2014-09-10 23:26:58,-73.991819,40.754256,-73.973477,40.759083,7.41
965d2e329fd663c08a94c1ffc216b519,527e35c82b652188ebf760cfe25ebfca,2014-06-15 01:55:19,2014-06-15 02:13:19,-74.010915,40.743898,-73.810124,40.668231,34.1
4d32e117d7e4a176564553e689c193b5,78790c1c634d1722fab964c8550075f1,2014-10-12 09:09:46,2014-10-12 09:17:46,-73.958648,40.768627,-73.941366,40.77033,7.15
e5cd706a55779a9b4d4da5aec67a6301,ad8f2544d20b49820ab5d12e458ac63a,2014-05-04 21:32:08,2014-05-04 21:43:08,-73.869237,40.621507,-73.915509,40.707125,19.12
188091717498e060f027025341197504,a073801fcc2a4926908dd20c7d0a4dbe,2014-06-15 02:10:14,2014-06-15 02:28:14,-74.00771,40.738333,-73.987716,40.742188,6.32
763de4fe169127313cb2e3a66e540c44,4f1e7bb0643c307d9f552ed64900ded9,2014-06-15 01:55:44,2014-06-15 02:14:44,-74.01104,40.739116,-73.964861,40.717112,11.09
68c16d7f4e166c7a3724d08682db378f,4f46cad734f5f44b2de97ef06a1a6e94,2014-06-15 02:05:35,2014-06-15 02:11:35,-74.005511,40.738014,-73.950362,40.631074,24.23
9f7221deaeb56da8ff47d50ad04171aa,3df1c2179ae28e0b07744b9e5bffe85a,2014-02-12 19:03:02,2014-02-12 19:06:02,-73.969954,40.680621,-73.960096,40.796667,24.75
66f7804a8e99c76f01696c970a52978a,6d5265ae26d26a4f7bce70dfdeaa7bf1,2014-01-02 00:53:36,2014-01-02 01:46:36,-73.945732,40.709134,-73.996815,40.714649,11.94
c60abc3b9007a119774957a2e591298e,bcfb9a30387ca8230d008c8ea89a56d5,2014-06-15 02:03:55,2014-06-15 02:10:55,-74.009235,40.740334,-73.915138,40.703062,17.52
f70bd8e4c07ec67da6e81b096435cda1,2d87258444c33b9a58d75ba1a64e8f4d,2014-10-12 09:08:46,2014-10-12 09:12:46,-73.962141,40.775474,-73.931442,40.67352,22.68
7088d726871a6df02f37b276f8ca763f,558fdcdb76bf8cbd85ee27ee2be820c4,2014-07-22 14:51:14,2014-07-22 15:07:14,-73.777397,40.643786,-73.877948,40.731936,24.2
36d46a604fe013f6afb913eec7d067a1,ef878c511bec047f27c93baffe74674d,2014-03-02 20:48:11,2014-03-02 21:23:11,-73.852896,40.67895,-73.985182,40.707371,22.73
d430a5793bc0bb1214391b0bb287d068,558888abc6721d009fa46f51928b84c5,2014-07-22 14:45:56,2014-07-22 15:18:56,-73.780456,40.642915,-73.957067,40.730112,32.26
5933b3c91af8436bc2ce2ab7b3307add,cb954da72f5bb940841628aeee35ddcc,2014-10-12 09:23:43,2014-10-12 10:14:43,-73.962317,40.770384,-73.959492,40.791589,8.88
a08f312c1370dc7946bf4cc1fc190879,19039c7be6625d758527fb7e061859ec,2014-06-15 02:03:52,2014-06-15 02:56:52,-74.007567,40.744707,-73.991293,40.733533,6.84
d68f59ec47c32d3f1b934c8698421d14,8e803c0de284ced541762843e6672e39,2014-02-19 13:03:32,2014-02-19 13:22:32,-73.998586,40.765756,-73.98861,40.756756,7.33
e9981e1c03c38642d01ba381e8950adc,883b6ebe0ce99bb2dd0047038957f3ab,2014-10-12 09:20:16,2014-10-12 09:34:16,-73.958977,40.775547,-73.992964,40.757684,10.82
aad5611f57b1c7df28b48503a6a99629,1ae16a12f3704c2e5e4c9a3e3603c4cb,2014-07-22 14:47:01,2014-07-22 15:36:01,-73.775868,40.642161,-73.957328,40.784789,37.98
7e63d85eac3de6a6911e6b59436536fe,89840911ae8a8f7dbd13a2393c113457,2014-10-12 09:22:49,2014-10-12 10:02:49,-73.956016,40.770199,-73.964337,40.752602,7.27
fd3ba4aa4e1125787e8d857af30c837d,f888752be99451e763ba5db77cf77e2e,2014-05-11 22:08:45,2014-05-11 22:56:45,-73.877096,40.686937,-73.975209,40.787221,25.73
739323ac15dadabe4b54561cb3330c53,413161375c49dc95dfe7ca0b79560296,2014-01-18 08:56:32,2014-01-18 09:37:32,-73.969445,40.710916,-73.98451,40.634714,16.82
aab230c25ed215118874e0b3f3acf268,c0ebedf346f8e51d309ce0781a7ceb26,2014-09-10 23:24:56,2014-09-11 00:00:56,-73.996827,40.74847,-73.815172,40.662044,31.31
8cac1566d845c5aa98bcd9f941ef1d35,84aff525385b39013ac767f31064610d,2014-09-10 23:10:25,2014-09-10 23:58:25,-73.992807,40.752932,-73.960939,40.707124,12.79
5e4463b598447255c663af70647b12a6,a58b9363a7990b19f6d6c170e29655a8,2014-10-12 09:06:03,2014-10-12 09:16:03,-73.958518,40.774873,-73.968048,40.684677,20.94
34d080321d6a0452ba52ae884f526515,dc210d215b681d32f9f53ad267f5a1dc,2014-02-24 07:32:36,2014-02-24 08:11:36,-73.802796,40.687947,-73.892358,40.665775,15.87
5436206b3e91c605cd6206198469c96d,2bf1f31852dc4bb7836303e05a51afa7,2014-06-15 02:11:37,2014-06-15 02:34:37,-74.004075,40.7381,-73.898537,40.697184,19.79
abfc129272ecffd7650d95d26674723c,7501868c825acfd31ad5cd215272669e,2014-09-20 22:24:19,2014-09-20 22:59:19,-73.95519,40.749781,-73.893518,40.707981,14.14
bf0c369f1c7b04024a23d4394d16e0cb,9d967c9ed0e2b2e1b3c2ace77d35532f,2014-10-12 09:10:12,2014-10-12 09:18:12,-73.962639,40.776164,-73.967933,40.701411,17.86
be9dc6551b9bb22a4edcbfdaa164ab27,a6b896c8ad25cf6abe80f1599308c06e,2014-07-22 14:38:39,2014-07-22 15:25:39,-73.778992,40.638431,-73.976157,40.757481,37.23
e5957dd8a6ad73764d484dea62b2cc30,4d69e91eceb7c2342518875d5bdd141c,2014-06-15 02:11:05,2014-06-15 02:51:05,-74.011844,40.744368,-73.811452,40.682007,32.11
e1e2d94b0562f90d356d3c4b14cf229e,b0ee016165bddabf19736f53fa0349d9,2014-07-15 02:30:08,2014-07-15 03:17:08,-73.953478,40.799685,-73.834263,40.682177,29.84
a67b41717698dc41c7a712c32147c664,9a93e619993245444ae4b29c888506ef,2014-06-15 02:04:25,2014-06-15 02:19:25,-74.008195,40.739372,-73.973958,40.795772,15.75
52535a7c97b80009495d205a0aab39b8,0bad14f404068ca796214d132b036e92,2014-09-10 23:15:43,2014-09-10 23:31:43,-73.994746,40.751119,-73.970139,40.628608,26.51
5fde384b3bca5614d60d1fa201c28936,1b15e9b83bc5459ff46b4b4383c779d6,2014-09-10 23:06:56,2014-09-10 23:51:56,-73.994669,40.748274,-73.925222,40.6912,16.68
ab5e46d34108da4fd5513018255b5af5,179499a64de4842b16be4df121b7f23b,2014-07-22 14:46:50,2014-07-22 15:13:50,-73.780382,40.637336,-73.838254,40.717802,18.99
aac7154ead1a8a87b6b49d086e480d29,058c69255d68be3416b79ebeccf725e4,2014-06-15 02:01:45,2014-06-15 02:30:45,-74.006243,40.739714,-73.849522,40.699377,26.63
65adefe3e16302e60a97117763b8084b,8ffec46512279f0a01355ed7f3fdb0fe,2014-09-28 05:08:47,2014-09-28 05:56:47,-73.95431,40.773308,-73.989183,40.675212,20.81
783639aaffc99fa1359c30f6382faa0d,264e4d7f3319ce0b94f199e68517058a,2014-07-22 14:42:45,2014-07-22 14:50:45,-73.777624,40.643099,-73.996433,40.757196,38.73
7388ce0a417782680676be33aa6b1749,1891648454a00d2d8dd79ad2f06c489b,2014-04-20 00:18:53,2014-04-20 01:12:53,-73.845732,40.749845,-73.964313,40.729582,19.01
54c3f475e9a4dbd1a17be273889c7815,10e7f61352b6cd5f20d5a3ae5b192ab3,2014-06-15 02:05:05,2014-06-15 03:03:05,-74.006871,40.7388,-73.979482,40.69209,13.94
207291076f51439066f4430b049d8e4a,e655a1483a8fd59255743dd00bdf19aa,2014-07-05 17:37:25,2014-07-05 18:27:25,-73.940744,40.79551,-73.958865,40.636891,31.58
62631c0edc20e4204a4ee70ece47aa86,557b95bc96af28d027dc12cd2cc5c437,2014-03-07 21:52:58,2014-03-07 22:13:58,-73.980934,40.728012,-73.995665,40.708923,8.75
b2325f8887b8573648c5e4697e1f3ba7,f26eff94cb858c6c85905ac49c4a0f4b,2014-10-12 09:06:02,2014-10-12 09:24:02,-73.961166,40.772267,-73.969637,40.700536,16.39
5a9ae76bed4da1fdfc526bb8ee7dfa36,319f1acb1e8f2d3b011d59fd3787117d,2014-10-13 00:11:20,2014-10-13 00:35:20,-73.945547,40.749356,-73.9612,40.756386,7.47
7b7008976c37e1cd59d1ab2231af1697,dfcdc980c13074887c8b6ce7671e42ff,2014-06-15 02:04:28,2014-06-15 02:37:28,-74.009274,40.74063,-73.941062,40.725248,12.6
696321779d687411f2e5df6991e9d474,98fb85e3b89f4d76a925616e5cf72c25,2014-03-15 22:38:39,2014-03-15 23:34:39,-73.963093,40.724591,-73.992383,40.787211,14.96
eafc5a62d32ea692d412c46f2ce4480f,6f87c63ecc5a20a097d616fb67519003,2014-07-22 14:38:21,2014-07-22 15:17:21,-73.776305,40.640765,-73.863357,40.623833,15.21
e1b100c2627f7768fbb9f59363aa390e,b7588fe83b07aecd39397d840e2c8812,2014-06-15 01:57:44,2014-06-15 02:36:44,-74.009633,40.739672,-73.833992,40.622852,34.59
2f184452171d76b3f58c115b9c7bcb9c,b93884d32ec6c723c83f68fb5f294ea0,2014-10-12 09:17:25,2014-10-12 09:55:25,-73.960141,40.769772,-73.944887,40.734071,10.96
aa31163a8aa62b64204d276dc7e1f11f,2d072e692708604d3dca8d5b20f843fa,2014-06-15 01:57:42,2014-06-15 02:05:42,-74.011774,40.739799,-73.958003,40.783918,15.35
e29ee3c2f32c50c501e45f3dd175ee92,774516ed41968a747738b242c6f36cad,2014-11-29 13:41:30,2014-11-29 14:14:30,-73.936878,40.796762,-73.835916,40.673682,29.79
62a4b4cac8311c07295cb55fbcf2cf18,d87f71f7ea0456d995fd631b20c35bbc,2014-10-12 09:09:35,2014-10-12 09:14:35,-73.962692,40.772262,-73.80096,40.676736,32.16
d647d82a8db7e741efe115a29ca74322,59d69440c1c8f1fd8a961ccb2bb33e25,2014-07-16 08:56:18,2014-07-16 09:03:18,-73.910206,40.698678,-73.886132,40.674451,10.31
f68573ef2c0ca5fc0facc32d563326ad,2b9b4ffe0370e7668e16e16958433095,2014-03-30 14:48:37,2014-03-30 14:59:37,-73.820387,40.739343,-73.896769,40.743739,14.73
0c46dc363a1ce9cf3b2dfbb3fb44e696,2dfc8b1e1de4da1e49860bb047c911e0,2014-06-02 04:23:22,2014-06-02 04:38:22,-73.838465,40.734413,-73.99195,40.799026,27.7
d5c5f9b31b67e0c95286065bfa945a4e,f081ebaac25a8f2c16b4d5ee9f4d072c,2014-10-12 09:10:45,2014-10-12 09:25:45,-73.960495,40.772254,-73.955202,40.758766,7.73
7d9387ec9c4273ec84b6efaf278864d2,dcc2ddef6968ce9b891cc928e3e33361,2014-07-22 14:52:30,2014-07-22 15:07:30,-73.780104,40.643996,-73.927925,40.626573,23.11
fa9a56a7abf4eea52c978c35e75fb56a,4634808fdd132bb868b33f5552363846,2014-09-10 23:18:58,2014-09-10 23:22:58,-73.990152,40.749513,-74.005191,40.725546,8.09
707c2345cb6187fcb821561c63635201,4ccf2e2e13357159a8b94030b02f7d87,2014-10-31 02:10:03,2014-10-31 02:58:03,-73.889421,40.719689,-73.89627,40.705141,6.57
9ccdbba236dbceb8aac44f500f619aa7,b6e2463a141b2406b0af5fd77c2d3e57,2014-07-22 14:36:29,2014-07-22 14:51:29,-73.775939,40.638389,-73.99685,40.715541,36.03
156844812da6822018c82f0d4cfcd7e5,decc61cde6f673bcf653144f0e050345,2014-11-10 02:45:55,2014-11-10 03:21:55,-73.977868,40.73383,-73.975274,40.777237,11.49
42730e78d8be872b52598742914decff,1379ce9e46d01f5d56d96eeb558c4ba3,2014-09-04 21:02:06,2014-09-04 21:16:06,-73.977595,40.706926,-73.953023,40.729834,10.28
86cc8db0253f7eb9901d6d9e82303b93,d08c162d2e8a2201276f2f22955a02d9,2014-06-15 02:04:29,2014-06-15 02:15:29,-74.006861,40.744579,-73.896528,40.680558,21.51
8b75ee1d9119535f80410dd47ef3e40d,7838679d845cd662d7004790e0479677,2014-07-22 14:48:05,2014-07-22 15:27:05,-73.7818,40.642172,-73.876351,40.672387,18.15
1f9d97ce3c420350b7e47eb989b7a872,d01a1ca91560ab39a4e6eda094f399cf,2014-10-12 09:21:27,2014-10-12 09:55:27,-73.960696,40.772269,-73.824648,40.71326,25.57
65c4e972c99e64d5fa33d1463475bb2b,b633d38a04b2a49e2b9accdac85548a4,2014-09-10 23:06:49,2014-09-10 23:18:49,-73.992598,40.750273,-73.992258,40.706408,10.78
07aa22df4d12acb8c5b610e769e4bdc9,e0c397d26c4846209c090a656fff2713,2014-03-15 12:55:18,2014-03-15 13:40:18,-73.933771,40.697969,-73.807387,40.695193,21.1
8441260514aa06a4932b0aa926573536,14d2da5c45ef3a2db684d99d763f902a,2014-03-15 20:12:15,2014-03-15 21:08:15,-73.981481,40.750085,-73.829316,40.736968,25.05
d00d33cde1799a1f03822ca8aa31a3f9,817b19fd61afdee57eac9dd3c63ddac0,2014-05-02 00:56:44,2014-05-02 01:36:44,-73.822956,40.660454,-73.970518,40.720814,25.73
285c1133af26545e27d92ef9611543d6,b0e563f6359a420813ffadf0a644acec,2014-06-15 02:04:52,2014-06-15 02:35:52,-74.004437,40.740831,-73.9373,40.772724,15.02
b94021e88aa6ee6cf22cc4bc504fe058,bf530af7ea01d07cb9bd8b59dc3cab44,2014-09-10 23:12:49,2014-09-11 00:06:49,-73.99504,40.753296,-73.939042,40.729806,13.79
f51d6b3f883af449ed38b3b833fe39c9,0fa736335d4b94da77415861f2fb669f,2014-07-16 13:38:39,2014-07-16 14:00:39,-73.810954,40.674997,-73.985952,40.700009,28.69
55e1c5fe419bbadc967440ce0834b439,76e6168bf2bb6f0280e7a2ba9ade4ae1,2014-07-22 14:53:30,2014-07-22 15:53:30,-73.776835,40.641644,-73.984841,40.792877,43.14
d016579a75e4ce55318982411d369844,61dccac8554fa8e0215085191a0814c7,2014-09-26 02:58:10,2014-09-26 03:14:10,-73.869598,40.660692,-73.858226,40.661839,5.79
371360af600bd4aafa750f9bd9d74509,787d8f33eb2b48de9b6adad847416e86,2014-08-13 12:54:39,2014-08-13 13:05:39,-73.965657,40.713569,-73.98288,40.659138,14.09
3cd865423995a255e87078afbe87429c,3c137ffe9e76df4757bb04c8c57728bf,2014-12-10 22:16:46,2014-12-10 22:57:46,-73.982812,40.736913,-73.961155,40.782324,13.22
836bf1eeb8cbf66b2a1ff6f519403265,d0dc593395db7c930127cb97dc2c310f,2014-10-12 09:17:06,2014-10-12 09:23:06,-73.961111,40.775768,-73.975789,40.771596,6.02
f36564ab9c6ea3b6373eb0e1680a447a,d809c01aa0e59aad19c87c7e229fc396,2014-10-12 09:14:54,2014-10-12 09:54:54,-73.959566,40.773267,-73.920064,40.624812,30.44
9e8e5c4860c1f18a9a9a78d3a821a735,f50159600a269c5e390ca491668a8506,2014-04-08 18:27:33,2014-04-08 19:18:33,-73.964694,40.684039,-73.89716,40.685948,14.23
1c6c70cc78475da41df18e897863f4b0,270045be1c2a34e368090214c984a94b,2014-10-12 09:16:03,2014-10-12 09:38:03,-73.958395,40.773612,-73.991089,40.753491,9.62
ab0c737eacfed9305083a6a44734713a,cb87e12c51d029a85613a5cbf1d5de1a,2014-10-12 09:21:20,2014-10-12 10:09:20,-73.957526,40.774567,-73.949541,40.797368,8.24
6fbc1823550f57d115b5a23b4cd79735,62066b522a25df53abb18c364a81406a,2014-10-12 09:14:25,2014-10-12 10:12:25,-73.962059,40.772096,-73.833232,40.694026,24.72
7ae1498f6152342110d4c7cc9404d39b,ef7c84e17a28d12c0f4c08dd7083f6f3,2014-07-22 14:46:03,2014-07-22 14:49:03,-73.779767,40.640251,-73.951483,40.716145,29.96
8c4f18bf18a8ecab898369409a09cc17,78695136a73716d10b69fc7375ab57ea,2014-06-05 11:11:00,2014-06-05 11:25:00,-73.981369,40.700989,-73.97152,40.69211,6.11
c54f6fd52ce5f847840d76ec2b029a03,c59156384ce60ed3d341984da2f0001f,2014-06-15 02:05:46,2014-06-15 02:39:46,-74.007635,40.743912,-73.839062,40.682783,29.18
7a0263c84a6f12811c559398d51c1280,b619bbf18190b042443451daee95356f,2014-10-12 09:14:09,2014-10-12 09:24:09,-73.957065,40.775267,-73.993701,40.73496,12.16
bf7ab020c7dc72654d8f2f9a43507a21,3b05218c9fd14ac5a358c33be64122c5,2014-07-22 14:46:32,2014-07-22 15:06:32,-73.779099,40.642323,-73.93959,40.763363,32.88
85b6168fc88f4914e4741015b1678bf4,f35360f3d2ab9df5e67993d6219d0227,2014-09-10 23:06:55,2014-09-10 23:51:55,-73.990718,40.747033,-74.007498,40.717864,8.76
5179cf252e94452fd5248cbfcf457aa3,75876f1baf8faf0bcbd262b8ff075bcc,2014-09-12 17:36:37,2014-09-12 17:48:37,-73.828267,40.679733,-73.843008,40.638205,12.07
cc7af8c294a716aefeee721a306eb8bc,d05a41b3973ce237995ad0ac1871d27f,2014-05-25 18:59:01,2014-05-25 19:51:01,-73.805646,40.729742,-73.964232,40.634517,30.56
4db5cb379c3c4eabd9494ce5e6ce9d07,33d998826e8fbc9333cf961edfb88c44,2014-09-10 23:09:59,2014-09-10 23:51:59,-73.991168,40.749348,-73.955935,40.792019,13.35
9e0efd78bc08fe43cb3d212e2e4895e4,6c1491aa6c6caa2e3e021d477328fc67,2014-07-22 14:49:45,2014-07-22 15:11:45,-73.777861,40.638132,-73.933105,40.741982,32.55
ac9cbcaab65b6f1e063f2da7f1e3f84d,488d95091bd1a8b17e53d1724904e514,2014-06-15 02:09:06,2014-06-15 02:56:06,-74.009777,40.740181,-73.983072,40.795721,13.44
0486def0f0b29f85ffd1ef7f4ade080c,37b744cf7a61b0daea0406e71549383f,2014-06-15 02:03:18,2014-06-15 02:46:18,-74.011253,40.741754,-73.992029,40.76728,8.57
85a710f3ab5054b1b16a9e2070299bde,0af88e72f1107a83ccf4da9da7ccd419,2014-09-10 23:07:59,2014-09-10 23:16:59,-73.990187,40.747919,-73.967486,40.787775,12.38
47cfd616c057758044c57d1b4befe759,3ea461d30e1ad9e7c28ac66eee2606af,2014-06-08 15:38:48,2014-06-08 16:03:48,-73.98769,40.790046,-73.873945,40.720165,23.82
a7c8ac875d01f7270f14ace56c98b89d,6af9980c18710bab7676506082a48850,2014-07-22 14:46:02,2014-07-22 15:43:02,-73.778435,40.63951,-73.960155,40.778655,38.13
7bc39e3b2d55528a72dc0a8acc2f2e19,29d32f4584d8e7ad8c4d0756343f2b4f,2014-08-15 15:59:45,2014-08-15 16:52:45,-73.809248,40.723233,-73.939371,40.748783,21.65
1a6e8f6eebc37865eb2a2daa1eca6b94,5e769f49c5ec283aeb6c725b1754d5e5,2014-07-22 14:48:52,2014-07-22 15:21:52,-73.779035,40.637867,-73.980595,40.71032,32.97
439306d659a646d94c89448f54972a06,800d7d35552f262089ae5902396333a0,2014-09-10 23:21:51,2014-09-10 23:59:51,-73.991705,40.753386,-73.960067,40.720089,10.81
297ee2907213112aba14732d3781808c,5571403718d9121ef43016f6afa0dd6c,2014-06-15 01:55:24,2014-06-15 02:10:24,-74.006057,40.739324,-73.950912,40.719154,11.71
8c6cff1ed34957dcf1547c3c38ee0490,c437f4aad9348ff3165b670d4e4e143e,2014-09-10 23:11:21,2014-09-10 23:42:21,-73.992125,40.749127,-73.980841,40.756555,5.75
20ee200b76ab2db344481a193ef2fd08,13b6e0ecc52162793e6c63535a2e9465,2014-11-11 20:27:09,2014-11-11 21:15:09,-73.931756,40.786171,-73.998273,40.777778,12.19
d1b13c1db63506cbf3fe37bb6edf8c16,de3a175e47c4affda07b3a516424235d,2014-07-22 14:37:03,2014-07-22 15:16:03,-73.781177,40.642693,-73.940966,40.704404,27.1
9ef22901597ebd30c50dc4fa06c49351,418c53684987bc8a9fb556bfcb4b5315,2014-05-22 20:19:22,2014-05-22 20:31:22,-73.964465,40.707707,-73.998023,40.781371,16.92
3d436cd3f76226a6f20c783fbb1c235a,9a17038d902b520359b6f92abd95d587,2014-09-10 23:20:29,2014-09-10 23:51:29,-73.994351,40.753617,-73.808681,40.680288,32.58
574baec70c71f9f4db604cc177a1505b,5a17823408dd672d8934669b8bddbceb,2014-12-24 17:59:06,2014-12-24 18:36:06,-73.942027,40.760712,-73.956339,40.632607,27.69
c6ce309a20a523e64fdcdecf150a2ec1,98b449a81ff5aa26cc965456a796dddb,2014-02-23 11:37:55,2014-02-23 12:02:55,-73.857361,40.743979,-73.951356,40.714264,17.41
c876915b274532eca852e3215ea0187b,fb71a2033e3dece7af81b48a21cf7f96,2014-11-14 01:18:01,2014-11-14 01:52:01,-73.954295,40.706984,-73.957638,40.752496,12.71
5836b2df596af5448cfc495fa9785099,c098149d4a847e248c0a3f4de0aa05ae,2014-01-05 05:17:35,2014-01-05 05:45:35,-73.834096,40.69204,-73.899626,40.73949,16.64
4c8270d07214d33d636703389352d309,5ad04e0d054a5778138fb6d907c3b3b3,2014-06-09 20:28:25,2014-06-09 21:19:25,-73.947865,40.763618,-73.998583,40.734439,13.21
196dea5ef4aef308a260ba64eac44711,75aea43384942e6ebed784b1352c7fd5,2014-06-15 02:12:25,2014-06-15 03:10:25,-74.006558,40.744339,-73.967042,40.768171,10.28
77710f380ba23eedc3c1c53b04b62016,bc507f7e06f849e88c475aaf2e0f1ed6,2014-02-28 11:52:50,2014-02-28 12:20:50,-73.945482,40.62691,-73.870276,40.632716,14.74
4976d325ef952fe6ce9856cd943547cc,1c3ef6f4b2d7341a93664c122ff2605d,2014-10-12 09:14:35,2014-10-12 10:08:35,-73.963216,40.774073,-73.888303,40.651266,26.4
8c69be53d1b7a444055464d22dc952a5,a5dcf1d903cb62a1e414fe0f6cda3c6a,2014-07-22 14:40:58,2014-07-22 15:08:58,-73.776386,40.644522,-73.949425,40.712028,28.92
1af6ec34d575b9cbbcacba20a87e5cf3,1aa8be288ce21b36aa4e17b504d06d4d,2014-10-12 09:08:24,2014-10-12 09:48:24,-73.95746,40.769012,-73.946066,40.749714,7.2
e82c9a131d03c7dc8c18360282640842,e7c3841ddafe09a031e6da3fc7f0f2da,2014-09-10 23:16:46,2014-09-11 00:06:46,-73.990702,40.753763,-73.989639,40.742549,6.86
331a121299c90e1aa42f51257ce26230,bb6d100092fc278cbb747e9d603d16cb,2014-10-12 09:09:31,2014-10-12 09:20:31,-73.956151,40.770179,-73.843194,40.709806,21.29
9abd32263cd37b67d70386db8eec3127,c913c0ba808e2235d83790f8e9be30c8,2014-07-22 14:53:40,2014-07-22 15:46:40,-73.779798,40.643073,-73.921094,40.736449,28.41
00778fc8eb993deb475a408ad9308466,3178de4ecefe3d8743e5a0e0ceb2c000,2014-03-29 10:04:36,2014-03-29 11:01:36,-73.942743,40.718388,-73.968606,40.740192,10.25
cef3d32468307b1dead7a6e72a97c8ca,3f72619858d19aac87e4b8b18a61ed62,2014-09-21 03:21:30,2014-09-21 03:27:30,-73.977865,40.784993,-73.917778,40.700249,21.78
daab09c2d4354b3c33645931035e7b72,cf4fe9c595947ee76c2e98d5d45e9704,2014-10-29 14:22:02,2014-10-29 15:09:02,-74.009771,40.723519,-74.008628,40.799391,17.5
7a0c2b51c1f0e3fe5a682c696ee54543,22d138246ad4492b195f825899a4c753,2014-07-22 14:41:00,2014-07-22 15:31:00,-73.775493,40.640845,-73.879004,40.714744,21.85
2e4564e56e070792e4129c56cc7aa1f2,f84325ad382d6b86315554581c37b46c,2014-03-04 16:02:42,2014-03-04 16:15:42,-74.000068,40.717724,-73.996524,40.774145,14.44
47d63452a91e1705fe73c7510f1ddcf7,40f48a18f218f5aa2e7031598fde9fc5,2014-12-27 01:00:29,2014-12-27 01:50:29,-73.943647,40.752438,-73.976696,40.700982,13.26
0eb29f048d86e991b57979bebff4861b,3c8798b3a68f0e6c08195ffcf582d35d,2014-07-22 14:46:21,2014-07-22 15:16:21,-73.781054,40.6426,-73.936998,40.653929,25.53
a0bba11df2e009bb4d2e897e65c4884a,118a313d896e8968b43f0ad7df53fc9d,2014-07-22 14:49:22,2014-07-22 15:26:22,-73.778699,40.639048,-73.930055,40.729771,29.4
dfcf352f34e0318a6ec8de52ea961d75,c132bbd1a9b98909b495c4df96f83e71,2014-01-21 20:54:51,2014-01-21 21:02:51,-73.940619,40.745238,-73.811612,40.645819,28.29
3dd2865d270720ae9585700d7e8e06c7,c59e79766a620f6b2a5269fb2fb40ae8,2014-10-12 09:21:04,2014-10-12 10:06:04,-73.958846,40.772906,-73.971133,40.796379,7.41
a9e1f6f6fca6ca784688e4779f7ef313,4607d50260ac7ed89d10ba8cbc3d6697,2014-08-22 17:12:01,2014-08-22 17:28:01,-73.952699,40.756096,-73.945406,40.794627,11.4
b7bf0027e50313c9a80492b9d9e87b87,39a326d9241ed9310b064dd672c8d690,2014-10-12 09:19:42,2014-10-12 09:53:42,-73.96023,40.773731,-73.958097,40.724268,11.58
b0198eb0c55ee1dcf24d9108d6c080dc,7d4cdbb6f865a9e191d59ad73d056fb7,2014-07-22 14:39:59,2014-07-22 14:46:59,-73.775804,40.640104,-73.974942,40.704815,32.43
f8ccc1589fd8bbca634334c3de64ef36,d81221f9c691061674b0ce9d88aaeb01,2014-03-17 18:14:56,2014-03-17 19:02:56,-73.946254,40.712786,-73.956155,40.730135,7.64
435b68578d21b8324545a00c5db877fa,588511f111ddb0bb740d5f94c7ba31bc,2014-01-13 12:44:44,2014-01-13 13:29:44,-73.982376,40.756133,-73.803026,40.646982,34.04
91e26392b0fb090b4e2f95adbefaa71d,200a3ddf7677d91c8cb9a07f4778f97d,2014-06-09 07:53:15,2014-06-09 08:25:15,-73.976327,40.795749,-73.960783,40.775586,7.79
090d7db02117a816bedd66077b29e07c,f17b7d1575975ad44f40462ef9cc1ef6,2014-09-10 23:07:15,2014-09-10 23:36:15,-73.996893,40.750026,-73.826334,40.621607,35.79
a02d4ecdb0259a32cd260c96471a8e5b,60b7d4e8b2be10dfdd3a405226be995b,2014-05-10 09:09:22,2014-05-10 10:02:22,-73.948734,40.730927,-73.973303,40.780149,12.5
2175b5bbebd17c997dd167ab5394f0e2,ee7031549cd19a6412a10973a8559146,2014-09-10 23:12:54,2014-09-10 23:52:54,-73.997277,40.748102,-73.966033,40.791918,13.42
2c87a10abd3fdbb1db6deeb25eba9afa,c7ca2560d00603640b9d448885cefaf7,2014-03-11 17:40:26,2014-03-11 18:11:26,-73.981273,40.764535,-73.831479,40.630714,34.6
60e1bcbe0fc7d9e37e3b4a3af604e403,9da29b146e40f911abc0c57809ec8e9c,2014-06-15 02:03:36,2014-06-15 02:30:36,-74.009273,40.740159,-73.935123,40.660513,22.19
cb1e2d90fd96c176f2f6a12bd84b8273,c093500aec3d07233b16a7a874f2bce7,2014-10-12 09:12:44,2014-10-12 09:23:44,-73.962447,40.772162,-73.959558,40.746822,7.71
2a09148ff4d2009f27daeeabaa8f0492,5accf3d9679cb5e069429572da93eaf4,2014-10-12 09:19:16,2014-10-12 09:34:16,-73.957493,40.776068,-73.901166,40.657435,25.1
e5bdf2259e9abf76ffae71d5a4a9ce28,fccc44d751ac56af34c76426e9d49f2f,2014-06-15 02:11:00,2014-06-15 02:14:00,-74.004128,40.739018,-73.946119,40.754022,11.3
4eefbb86b5b5785e645aa7936ba72cfe,0231fb2dd8d18e255a86d2f5607feb13,2014-11-04 00:05:18,2014-11-04 00:31:18,-73.885563,40.642153,-73.888852,40.675903,9.82
4b7127e22af428fbb4e0e826fc93f7b6,56bc8c62b4c87a38d739e8f98d0a82be,2014-07-22 14:49:08,2014-07-22 15:27:08,-73.774669,40.642848,-73.88221,40.649021,17.57
d4203a55765a84037016843987cc5406,4ebbf17693c44691a8d594827c8f223b,2014-07-22 14:36:34,2014-07-22 15:07:34,-73.776121,40.642548,-73.966914,40.720207,33.7
7aedbae4248fc3109a0a1132fa6829b9,686218de9ea9ecfaff85673acdfc9f20,2014-07-28 20:04:37,2014-07-28 20:25:37,-73.977098,40.790874,-74.000302,40.776186,7.88
2242a513238185d3ad7704a75ef21fb8,fbf05c5d36648f10b8d5b224ea8278f8,2014-09-10 23:06:59,2014-09-10 23:29:59,-73.992623,40.750377,-73.969948,40.718642,10.38
14c15424f6f25fb8dbd0bb6325851a6e,e1072e367097b245edb0292ceae749df,2014-05-13 05:13:31,2014-05-13 05:29:31,-73.868942,40.712107,-73.978868,40.730215,18.05
80668940116650eef7fae3db8929d193,9d6b1df4becaaf46ac49dbb4c4fdd835,2014-03-15 00:00:45,2014-03-15 00:05:45,-73.982833,40.74354,-73.914858,40.705026,14.82
55cc919c6d6f59fa2aaab21df39c6147,f2609b3b964bbbcfb3e3703dde59a994,2014-05-26 20:02:10,2014-05-26 20:57:10,-73.949829,40.720256,-73.970562,40.758603,12.04
c686c3c9a7e9801770de1f250e0cf635,964ed662b4d0d17b4330e22f7059e158,2014-07-18 15:39:55,2014-07-18 16:29:55,-73.986844,40.748047,-73.882247,40.633003,28.06
5dfa10705410fa86ecfc6447038bf228,3076cdb17703c7795719e72da6cb188e,2014-10-12 09:22:50,2014-10-12 09:54:50,-73.960875,40.769198,-73.93347,40.728837,11.11
24b56a4a0ac119529dba559181c14fe4,874fd11264a075e0922fea35dc5310b0,2014-09-10 23:21:08,2014-09-11 00:02:08,-73.995497,40.753562,-73.911625,40.678986,21.43
d6c16061073481cf8cb66dd3948d3d13,7b40d4eb3d3cedb1d1afb7f97a7e8839,2014-07-22 14:42:30,2014-07-22 15:28:30,-73.775104,40.645013,-73.982178,40.765353,37.61
e1e38aaad0b9e311096ef7d6818b4598,85c138b3c084703164a3fbbbdbffdb8f,2014-05-13 08:30:16,2014-05-13 09:26:16,-73.991061,40.751968,-73.880007,40.629478,29.77
3ce720077b9cc6af961d1f715a91dcfc,6921fc76f00a81aaaa20aaae82516916,2014-06-06 04:12:42,2014-06-06 04:56:42,-73.908245,40.670594,-73.944793,40.706602,12.47
580ecb971af96627b0599cd5625afa70,efaeb02b9ed2fc5b62e69f7eb51fad71,2014-06-15 01:55:42,2014-06-15 02:02:42,-74.004811,40.740416,-73.837897,40.749644,27.32
1d1882899965ef9bc622f2034dfbdcaf,aa110584cf21f7624f4295617b797af8,2014-09-14 03:58:11,2014-09-14 04:45:11,-73.81242,40.711272,-73.980155,40.737765,25.65
801c69a08b51470871a8110f8b0505ee,8b9e34ac36a2fd947614e2616f3d6826,2014-05-25 22:36:49,2014-05-25 23:17:49,-73.939965,40.708212,-73.824513,40.7462,21.38
14075744bfea6f6172a003f1dac3e255,afda1ddd7498dc7ad7927c8667b6fc77,2014-08-24 00:29:44,2014-08-24 00:55:44,-73.823203,40.743036,-73.999311,40.726404,28.47
181b7b64430c1f8de794dc500e17e390,6b6dba4d54c5334ab24a9cf9450e08cd,2014-09-15 08:16:19,2014-09-15 08:53:19,-73.94974,40.721164,-74.002845,40.765975,14.49
6eb606b79e7012ef242b7eb2ad965a47,76b7c652c99d4b0b8957b4caa133f80f,2014-07-22 14:48:03,2014-07-22 15:47:03,-73.77828,40.644327,-73.98702,40.775591,39.23
c910b8c485654090dc6ba41df6fcd8fb,5f4b18b98e81659eb6c246b2aa0731f6,2014-10-12 09:24:52,2014-10-12 10:03:52,-73.961917,40.769512,-73.953429,40.720516,13.2
7d11b5ead419cd87fceaf8efe87f5f75,5794405c9ab7843e514804534751f706,2014-10-25 14:46:55,2014-10-25 15:27:55,-73.952605,40.737701,-73.92367,40.71568,9.97
e11ab7a832a427a6c3837ff06207465e,2f84d1cfa5d00828a9125aa46b67f892,2014-09-10 23:10:23,2014-09-10 23:58:23,-73.997334,40.750007,-73.970514,40.715068,10.84
9e627782ff35e9c2426b997d2c20da3f,05f6ed6a32ad10845e43f279da99501c,2014-10-13 02:57:09,2014-10-13 03:08:09,-73.869495,40.644252,-73.961234,40.648828,17.15
c46a099283b423340cd9cc2837e73761,a1dfdfea33c42bf3826af43a0e70fde8,2014-10-12 09:09:06,2014-10-12 10:09:06,-73.958635,40.7701,-73.942331,40.709078,16.11
6d42aa76826708ea462441cb7133374c,33fadd0af7b070ccdbcd1e99028b4a0c,2014-06-15 02:03:47,2014-06-15 02:53:47,-74.011698,40.743869,-73.876394,40.733931,22.28
cdbce4ff86de39466492cd7c10b9408f,ea3d4d69d0d3b6878789a32fc472eedc,2014-07-22 14:39:45,2014-07-22 15:29:45,-73.779951,40.641102,-73.836523,40.62263,11.83
c841cdd9ec7995e8812bc04bfb59190d,bd0a4eea2ccf1c08b848f748cad7afc5,2014-09-11 14:41:27,2014-09-11 15:35:27,-73.957138,40.73069,-73.942193,40.7836,13.46
2bd6a3a39174d0a00779f2e3bda94bdb,cde7e3aca6216f6e499058c757ab4aa0,2014-11-27 01:01:20,2014-11-27 02:00:20,-74.007892,40.793125,-73.994306,40.778182,7.65
826b5b29abaf28c2da0cb123d77f0b3d,c5fc17745a515b518b47f7edd8a6fa39,2014-09-10 23:15:05,2014-09-11 00:00:05,-73.989413,40.747765,-73.819503,40.741358,26.64
d4a4fba9d8873a4abaf85f8a478a6830,98bdc62a026a3be7ab3b92a1fc531c69,2014-05-25 20:24:54,2014-05-25 20:43:54,-73.869808,40.626205,-73.986163,40.712475,26.16
bc265f0cc3eeedf7b385beb03132e20c,664c01f1433e23de666551e81c409c23,2014-06-15 01:54:58,2014-06-15 02:28:58,-74.004488,40.741725,-73.925894,40.624253,26.86
9d7807859cd996c3d3d4e1f5c3302983,107699aeb4d6417ec0bf0888db943f70,2014-05-04 07:40:29,2014-05-04 08:24:29,-73.986924,40.764805,-73.830613,40.62308,35.74
89d227b655e5c82aecf13c3f540d4cf4,c72efc55a477dc7f8ff030a692e875dc,2014-10-12 09:05:49,2014-10-12 09:19:49,-73.95997,40.770582,-73.973616,40.734127,10.34
adef83cf3f29399390db52a4d8c2a257,7cae88c31cf2e52a1b0834e90d0c5dde,2014-10-12 09:13:06,2014-10-12 10:06:06,-73.958986,40.775472,-74.004344,40.786038,11.44
b69ee2f99e2df8379c9b5afc8efe3d08,b1c2d0aa515c0e8216f1ace869831665,2014-07-22 14:51:37,2014-07-22 14:59:37,-73.779007,40.639581,-73.947614,40.785382,37.03
a1d6c5f6fa56958212d1710b55fe1f3b,94ccef4128db8990e73dfacb662edbc1,2014-10-12 09:09:17,2014-10-12 09:26:17,-73.957909,40.771761,-73.977937,40.63607,26.92
d6785dcfb0360504b84f593cb59fe83b,a7f2e2939e538882e8dc13e0b0bf351d,2014-08-20 06:55:05,2014-08-20 07:12:05,-73.843042,40.65699,-73.865513,40.712931,14.89
defa1f76d7bbcba36bfc8ae6ea26c790,45c9f7532693b51ff2eb80cef591ab30,2014-10-06 08:44:46,2014-10-06 09:00:46,-73.947917,40.792316,-73.951808,40.785678,5.0
fbe5d01e2c4567893aa7846407cf45fc,c7d415b7d292f2454248954b7df918a8,2014-10-12 09:08:27,2014-10-12 09:21:27,-73.963193,40.773346,-73.901255,40.742597,13.28
e4d824d9a6606f4df906698c419ba1fc,cbf458e3b043d30c98ce4417d74e4320,2014-02-17 09:36:10,2014-02-17 10:10:10,-73.931012,40.758685,-73.954502,40.74795,6.83
86cedc497071555d06d19774203f1b88,bd9c559f558b1953479c99d78245a004,2014-01-06 15:42:31,2014-01-06 16:06:31,-73.939417,40.722057,-73.943564,40.779692,13.39
56bb3921827da6e38b82a7241797d720,f28b4b51a140ef6d26549c663f34c0c3,2014-06-15 02:02:09,2014-06-15 02:41:09,-74.011414,40.744769,-73.999403,40.750588,5.74
6e80b49cda301f79199db7cc5356bf18,d70be2a8409394fb021597e5586dc60c,2014-12-07 05:53:41,2014-12-07 06:46:41,-74.009704,40.721941,-73.953945,40.648993,19.12
8bdafa5b21192b169ecf7659274ed947,8427aa7841c1f2d18e2978239344d2ff,2014-01-24 13:38:35,2014-01-24 13:43:35,-73.861327,40.735711,-73.9876,40.721744,21.71
9c1cd5dee510bd3e1f9345072052ca23,4e8a00593daf5b08510d222cc70506a2,2014-10-12 09:15:42,2014-10-12 09:18:42,-73.959899,40.772251,-73.933697,40.694615,17.72
3b8b4d7bbe18e91921fa6c7b82fecd4a,a8e10ed407de7e3e5f51b7e4af73deb6,2014-07-22 14:51:35,2014-07-22 14:57:35,-73.776711,40.639448,-73.994947,40.787362,43.24
d452fff3e6a51d6235f0f886986776b9,31f44dbcf20efc4435a9c0651406a699,2014-04-07 10:40:42,2014-04-07 11:34:42,-73.995316,40.752147,-73.987077,40.701872,12.98
1c341430af45f688e61f5bb9f8c107ca,d15bcfc13719f28d711bef9f40675a9b,2014-07-22 14:42:24,2014-07-22 15:11:24,-73.775187,40.637666,-73.965735,40.701622,31.76
0aadc9ee1f97c377bb3ee985ff7e7391,b46dc4a276f8a619426bbbbba9e990c7,2014-10-30 17:36:08,2014-10-30 17:59:08,-74.009128,40.731859,-73.97277,40.732887,9.75
5297d7f54bf3e5ca7d2e93e99c38388a,6e7091fd7343ba05fc2ad56f493bfdf0,2014-02-19 10:21:31,2014-02-19 11:12:31,-74.000282,40.751994,-73.94042,40.719737,12.9
d74007c88bbc0fc4f2115c40f41fd445,3e9aaae11619f3af5686224b7aaf6b3a,2014-05-24 00:49:21,2014-05-24 00:54:21,-73.994893,40.738543,-73.945357,40.760904,11.82
eeee5b6d55c56ad601bd2feb48f1f35c,09851b4a0adfe1772ed006c0246a1ba2,2014-11-17 10:00:01,2014-11-17 10:51:01,-73.974528,40.708397,-73.960263,40.655818,13.54
9b5fb0aa7d3fa6a55b2c374962665945,93dca23fe126057a7a22c6203fcebe55,2014-05-07 08:55:13,2014-05-07 09:13:13,-73.808737,40.642905,-73.982194,40.766061,35.12
027330692d607a241921780e784c85b0,b2e5f38a30719951f7b58b858915103a,2014-09-10 23:17:35,2014-09-10 23:22:35,-73.996225,40.753626,-73.995597,40.725826,10.2
a6cd25568fc2fc215aa17198fa08d3a9,f41b1a2e7e4dac12e57a1bc5995b95ea,2014-08-31 13:59:28,2014-08-31 14:22:28,-73.898812,40.708686,-73.939957,40.726283,10.89
a5179d5a72336eedfdf90c60cae1ea6f,16280bfc11a90690f77cd627c50b386b,2014-06-01 14:54:02,2014-06-01 15:43:02,-73.968618,40.790417,-73.980084,40.676862,24.68
baf49ed14be1a6ed2b254d93e5982e71,d839d63c6a5030ce1b136b837fbad041,2014-06-15 02:08:15,2014-06-15 02:45:15,-74.004621,40.744428,-73.970912,40.759894,8.44
445f6f3e3624feb7576f15b0bcefbd97,40c6bec2f4f9ce1ff7208ac8a8cd6036,2014-06-03 13:00:40,2014-06-03 13:26:40,-73.963564,40.675684,-73.978261,40.725501,12.91
693ab90e275cc6261a3e0f56ce94441c,02c912c3ddf4de5a0ad1c2ba27a72712,2014-07-22 14:41:39,2014-07-22 14:55:39,-73.781636,40.639807,-73.847761,40.655559,12.5
299cc784cd2b3179ba90444c82646955,7cf7e8708eac0835fa1ed2226928de32,2014-06-15 02:09:38,2014-06-15 02:16:38,-74.004181,40.741957,-73.969435,40.761501,9.82
4fbfea8abe21bdfcdd8db460700f813b,26f93c80323d4039d6ffc2669c54770b,2014-06-15 01:57:49,2014-06-15 02:36:49,-74.011315,40.744376,-73.804403,40.726083,31.6
68564fe565a275d96455cab27413e62f,f848927552f47b5ede484ebadcd9e2af,2014-10-12 09:11:03,2014-10-12 09:22:03,-73.962474,40.769581,-73.994942,40.769603,7.31
876e4daa0ac4641629914956430e449e,6871d956a60a953e9ff6e5afe55948e6,2014-09-10 23:21:57,2014-09-10 23:40:57,-73.98944,40.750703,-73.877142,40.740524,19.04
d49f49ddcfc239f44035c026e8cfa787,dfeb37fcaed621b34cde3da201953183,2014-05-07 01:47:40,2014-05-07 02:09:40,-74.007071,40.735724,-73.99011,40.773868,10.16
fcee988647056b89e224a031e975f08d,72cc3bedda1a520c028ab1283630e354,2014-10-30 22:19:23,2014-10-30 22:47:23,-73.996864,40.727784,-73.940413,40.730715,12.03
3b4129883a1d05be89f2c929de136281,e3d7445b3d0ecb6cd976cf2b13dda5f7,2014-04-21 08:49:12,2014-04-21 09:44:12,-73.846602,40.667746,-73.887778,40.74146,18.43
1636fa083146af6ae18dbd059d04ca76,650e57c3d57c5f0aaf582c106d63bc2f,2014-07-22 14:53:58,2014-07-22 15:25:58,-73.777329,40.643123,-73.862644,40.676376,15.9
c6576d711b898f615e17ea3da6722abc,13645a55411e97926c9ab34cb1012a47,2014-10-12 09:13:00,2014-10-12 09:56:00,-73.959394,40.770944,-73.968691,40.715782,15.03
d6d2ce7587cb2aaef2f44b7fdd0ccb48,e34864d80965fc7fdda87ebc77db6411,2014-07-22 14:48:06,2014-07-22 15:36:06,-73.780393,40.638061,-73.991905,40.71327,35.3
89b0a25fa6399deda8417da806b93f90,b6c52ba7abb543b3924872c4e3c8f3f5,2014-02-14 22:18:31,2014-02-14 22:39:31,-73.950754,40.708914,-73.950431,40.793721,17.94
347ab026b83bb182634359077adf04a8,fbee805b997c1b65feaebea2c27e22aa,2014-07-22 14:43:16,2014-07-22 15:03:16,-73.774512,40.637788,-73.975824,40.762599,38.3
20ea444668ef9ffae2d5eb996883e485,1f9dbdcd6825a3785fd6d2d1a22519fb,2014-12-14 08:50:16,2014-12-14 08:54:16,-73.955306,40.745919,-73.951623,40.677675,15.24
e7c5b461ccd78e78fad2a737d60b8d66,0a642a091afb06d57b52bd79ebcbe952,2014-07-22 14:53:38,2014-07-22 15:08:38,-73.777735,40.642038,-73.97307,40.7953,41.58
4bebc6bde13f04ff079878114158d223,68e59cb2be26cb1b4891cb1e4314121e,2014-09-10 23:17:22,2014-09-11 00:08:22,-73.996922,40.751501,-73.946683,40.770133,10.63
2963bbc68b6a2afbaffcf7c7c5d9b2ae,4b015b8638c8b667eaaa06cb72961f0c,2014-09-10 23:18:04,2014-09-10 23:27:04,-73.997113,40.749728,-73.946657,40.782591,14.11
0d942db370763245844f39b2caf9a932,205c5959870f6d7864166992be7a9d0c,2014-07-22 14:52:58,2014-07-22 15:27:58,-73.781158,40.64305,-73.970181,40.778476,38.58
c04f57b704310a555efb50c9070999c9,40455e1e45866edfe05987e2c859d24e,2014-07-22 14:39:36,2014-07-22 15:18:36,-73.778106,40.643967,-73.835682,40.653452,13.14
fdc0ca1114f1f67cb383baac59a985e1,f017159de292246d87ec26d567995897,2014-06-10 00:08:43,2014-06-10 00:54:43,-73.969401,40.729093,-73.947374,40.788981,13.89
cea2992d79d935f5ad950af740a06d68,c2faca8922d8541bca1dc19fea42c606,2014-12-08 14:18:52,2014-12-08 15:00:52,-73.966881,40.665155,-73.971069,40.728784,14.56
cea2992d79d935f5ad950af740a06d68,16b1c6c50ef07aa906702b75ba3ce73a,2014-11-28 10:37:17,2014-11-28 11:34:17,-73.856535,40.678303,-73.986458,40.73841,23.98
2d136069144647787e8f5be6fd62d89a,20b97175d86eac2209d9ce70b21a25e4,2014-07-22 14:43:04,2014-07-22 15:00:04,-73.774221,40.639095,-73.962825,40.773408,37.31
948ed3f84e10e3919d0f888e13032a08,68b8f4c95f1eab87dab2a678da022946,2014-10-12 09:14:09,2014-10-12 09:53:09,-73.957685,40.769556,-73.991857,40.778927,8.68
513d81919bfebd122139b72f0a2e3845,8714d6373039e0c20b15d489ae5e458d,2014-09-10 23:19:03,2014-09-11 00:09:03,-73.992228,40.752702,-73.9977,40.774689,8.01
30a4e41fc916184fe829551b6783cd14,1acf73fc510459857d60a58592a4d924,2014-10-13 10:01:35,2014-10-13 10:31:35,-73.979486,40.701981,-73.848228,40.731025,23.21
aa50967e65e9416500cac4e49b4891eb,7c0d78db328db33106618ba07aa47b88,2014-06-15 01:57:51,2014-06-15 02:42:51,-74.008214,40.741452,-73.850813,40.675315,27.39
4c8174bdaf8f467e677a20c6e880a8f9,6fc334996165f87defafc37ec8ad0c23,2014-09-10 23:11:04,2014-09-10 23:27:04,-73.996623,40.754185,-73.994843,40.753166,4.61
6dfb54ce20b1ca537ab5c5e97343e696,24318fff552430f7f29a633e983439f3,2014-12-09 16:47:22,2014-12-09 17:36:22,-73.968337,40.621186,-73.827796,40.685083,25.0
0c2d6cdb07a774a322e2ccf1a00c3a5e,eca1ceae9182c54b71c9e83d71b7f378,2014-09-10 23:20:21,2014-09-10 23:44:21,-73.992124,40.751024,-73.998431,40.716212,10.99
e23f185054100674f1a5ead4ce8ea0f8,4dd6d022624252ccc71128b996796eab,2014-03-28 07:17:32,2014-03-28 07:44:32,-73.951734,40.717573,-73.944293,40.730655,6.68
90c15227bb4b489368d02d573f51fe63,d7213532bac96a000c0d63796bf77129,2014-01-19 13:50:50,2014-01-19 14:45:50,-73.984171,40.710514,-73.975145,40.76876,13.56
bd8bbf996eb1703170d12d582737d8e5,83cb4fb41f8ab4b1685322a16f13910b,2014-09-10 23:16:59,2014-09-10 23:52:59,-73.992478,40.752088,-73.957598,40.735974,10.79
1153710f8541b4e63906d57ea7d8e9a2,51a97adbf18abc781e9a5f40de43b81f,2014-06-04 19:52:46,2014-06-04 20:06:46,-73.958573,40.620657,-73.868557,40.721667,24.75
68b61ba3d83bac6f8af324f25948040f,b15db6e9925f8c27e56c1a0fccf4bc64,2014-07-20 13:40:47,2014-07-20 14:20:47,-73.998276,40.745431,-73.917589,40.67534,19.3
615ee53a45bfb7030cfe2bf61bb88ee5,9aed0efc5460834c1017f6fc9ec821a7,2014-05-05 07:44:52,2014-05-05 07:59:52,-73.970108,40.780273,-73.976301,40.799026,6.65
654ba951e8f366e81a66ad2654e3e377,66d66175680296db470636508f9f57f2,2014-07-22 14:51:10,2014-07-22 15:42:10,-73.774525,40.644601,-73.955549,40.705077,29.47
a5325426937a8dbaa35844dd61893c96,bda543ea3deca46be30066840070408b,2014-02-12 17:10:56,2014-02-12 17:56:56,-73.982205,40.662816,-73.947754,40.790925,25.95
8e1a90fd5489ae22a06fd5fb5a5c9808,24f3c752747c131e72eee35775c0573a,2014-10-12 09:08:30,2014-10-12 09:28:30,-73.961966,40.772016,-73.980024,40.749036,9.99
adc178a431ea203ae67ad740b30e1ba4,b5c8ff1a36324dd76402143655d38740,2014-09-10 23:18:19,2014-09-10 23:34:19,-73.991948,40.750283,-73.968278,40.741708,8.25
20991ed3462c1fe3acf5f4a08c5595b5,83d57c9e5d5723592fab3e50712beae0,2014-06-15 02:03:50,2014-06-15 03:03:50,-74.01074,40.7392,-73.9693,40.77937,12.11
8f84d8ff4cae100342d7560a99532edf,f861570c9c0f90da6cdb6aaa7e7d2a0e,2014-09-10 23:19:25,2014-09-11 00:04:25,-73.990848,40.754237,-73.970196,40.752407,7.1
f2b9de56b0707e17ffe6537be8afed90,fd75163b67fd0934d70cb2801d70f21f,2014-12-30 05:16:38,2014-12-30 05:27:38,-73.836042,40.736743,-73.915082,40.714948,15.0
e8727e734249b6d9d6203558aa9ff397,e8a5d853f54e2379bf7105e7dcc14560,2014-10-12 09:06:36,2014-10-12 09:09:36,-73.963287,40.769935,-73.838518,40.674109,28.19
67e1d0f9a7ca63628091b53afe788141,457c6fee9b2b9a31a5e0415c6492dfcf,2014-10-12 09:07:41,2014-10-12 09:55:41,-73.957888,40.771613,-73.862925,40.70581,21.27
0b14a808ccc1a3f22f1dafc97f67fc77,19fcc938c42c0c6af10d57e2151a0fe9,2014-09-10 23:13:59,2014-09-11 00:08:59,-73.994463,40.748607,-73.969523,40.777592,10.81
b2210f1df9046e9bea314637ce1ae50f,8fd64a5f524de3034575c6cc15e8f2bc,2014-09-10 23:23:29,2014-09-10 23:40:29,-73.994409,40.748097,-74.005637,40.711237,11.91
4591b5dd928bb1a9444b706425becd8f,7d38f7336b2ba0778659098c0cfc0145,2014-10-15 02:40:35,2014-10-15 03:22:35,-73.988359,40.79466,-73.99288,40.625426,33.51
5ff2adf2331b56cf93a92c7c8bdc1a5f,b2820956363c05792ac238544bbf43ae,2014-07-22 14:36:53,2014-07-22 14:45:53,-73.780982,40.643731,-73.947523,40.706167,27.89
2ef29ac5d8b9bc754e8aa5ebf520b703,9e36638d00b86148127ad2189238fa84,2014-09-10 23:15:19,2014-09-10 23:18:19,-73.995293,40.752107,-73.86526,40.632091,31.88
c64fcd3188ab6f642022ad1eec3bdd38,8fd56f5f51790faf9794ab1f4f12e6e9,2014-06-15 02:05:42,2014-06-15 03:01:42,-74.010776,40.740478,-73.932762,40.77338,15.36
5d1461ee35faca225f7241668f963419,f896cd937e70f9cb4ee7c6f24be7fc3d,2014-03-10 14:27:06,2014-03-10 15:08:06,-73.978163,40.68742,-73.950211,40.626483,14.42
54ea19baa763ebcf04541a4fc2aef6fc,c5b1f46ac140baebcccf067bf103e5da,2014-06-15 01:55:46,2014-06-15 02:12:46,-74.010778,40.739864,-73.977392,40.706423,11.6
451f9d4377b6de62df0a888f7e7d0140,a8a9e89553ba46077bc908c01dd8fdde,2014-07-22 14:50:30,2014-07-22 15:17:30,-73.77691,40.64103,-73.897437,40.654003,20.2
62fc4ab8b2ca20bc8032a633cae01360,37edf21a354f71b6d7edc0b3780168ca,2014-09-10 23:09:47,2014-09-11 00:00:47,-73.992494,40.7529,-73.851415,40.657008,29.83
d83137b83e0dfbab23330d7c2a81858a,d4c4f43e170367d83b9f2bfbe62c9a64,2014-05-20 07:32:48,2014-05-20 08:05:48,-73.934893,40.705858,-73.877934,40.655938,15.19
a5c3e0939258e8763b47dbc75a441a68,85e892f8d399402a85c45965bb53483e,2014-10-12 09:16:54,2014-10-12 10:11:54,-73.960032,40.769733,-73.952411,40.720148,12.72
07a0f87f3e065b7013796526962b61fa,d2fdc10034ca808919a22c1c68ee9a20,2014-07-22 14:43:56,2014-07-22 15:31:56,-73.774762,40.640194,-73.966188,40.706176,31.81
415d202bd8fb35e80f0d53c18089e562,ce2535fe9990a28047ee56eef9c7d46c,2014-07-22 14:49:34,2014-07-22 15:36:34,-73.778967,40.64489,-73.984543,40.718208,34.78
2b0f9552ad87c1d198115a6c03151a85,e741b9f92cd43daf25a9cc18603380d4,2014-09-10 23:10:39,2014-09-10 23:46:39,-73.9944,40.753077,-73.940713,40.683285,18.58
02977ff6387a1a2c71052508c5603e39,4970a2b42c9e0a023f799488aa18d8ed,2014-07-18 00:16:26,2014-07-18 00:46:26,-73.980914,40.711005,-73.857683,40.74259,20.65
9ac3fa2cd156232ab42b6a6437effc0b,a94de70fb33f5da0c30e42a77ae25bb3,2014-09-10 23:13:49,2014-09-10 23:23:49,-73.99614,40.748681,-73.960164,40.701526,13.69
6eaf54e36de57b708ce39ccdc3b408b8,47b35ca0e0596a40da95c70e774019b7,2014-10-12 09:18:55,2014-10-12 09:56:55,-73.962051,40.76982,-73.946716,40.713337,14.54
a20e2c565dcc81eddbc03e5035deff9f,7e54acb72f2bb64490bef35fa547960a,2014-06-06 14:03:01,2014-06-06 14:45:01,-73.901316,40.627661,-73.950759,40.741186,25.74
c0a02b17ef710c378a4138b0626010b0,e269811ab58400be20b4714dbeda8bf4,2014-06-21 03:54:19,2014-06-21 04:37:19,-74.003143,40.707981,-74.004859,40.712468,3.88
ffb1d86301d7ccd329b6aeff09546c4d,847b698ee25f679930daf60e85693900,2014-06-15 01:59:30,2014-06-15 02:33:30,-74.005617,40.738497,-73.880769,40.656356,26.85
4b7cfc7d01a7499e3c5a4b0a3b1d2ac0,e2940f1b578fb98f3fc6a2dc59b4a654,2014-08-16 02:18:53,2014-08-16 03:03:53,-73.982674,40.779586,-73.918299,40.635335,30.57
fcd0eebf13f6feade22e0b3133928c4a,130743eb0e3a903765d57d710ed36bd9,2014-08-17 10:22:55,2014-08-17 11:15:55,-73.828139,40.728091,-73.975988,40.778477,26.07
e995796c1a200c8400a4bc4a5931d300,dc7d1ba7ef31c7d05c320365ba2d1a4f,2014-06-18 12:48:06,2014-06-18 12:51:06,-73.94302,40.634387,-73.976316,40.713368,18.15
61a07f64ed7cff5032e76e50dd56ee27,b34819287138bb4c3195303602b7a502,2014-07-22 14:54:00,2014-07-22 15:17:00,-73.775149,40.641956,-73.973324,40.773093,39.11
63d58684d0fd448715c6005c997d33e9,babea5f40be53e0f773ae2c5864ab76d,2014-09-10 23:18:07,2014-09-10 23:39:07,-73.99262,40.752193,-73.974882,40.764029,6.6
e7ac4ba8d933af6228b6bce4c2f91e9d,5be9d12aa285d5e836c3b0db7858d27b,2014-07-22 14:45:02,2014-07-22 15:12:02,-73.781891,40.639463,-73.945145,40.70293,27.74
a10306f52d082b41499e13f50249324f,ff6f52e640168e40576709a37a22748f,2014-09-10 23:21:59,2014-09-11 00:04:59,-73.992745,40.74675,-73.957448,40.719996,9.63
2c44d28ac31687967040f99671a94f7a,573f30e51a190c97e7673e8675b311b5,2014-10-12 09:22:36,2014-10-12 09:32:36,-73.961484,40.771569,-73.992804,40.677532,20.2
662df9a24134eb2b537a727aad03f626,faf889317ba5cf85aad1af4c7927a60a,2014-04-28 02:30:10,2014-04-28 03:22:10,-73.841748,40.712629,-73.964464,40.792222,24.77
8da80ff79f6bf22a565c85bfa07ac170,d453793cdc9f13f5213153327d519d39,2014-09-10 23:15:32,2014-09-10 23:51:32,-73.995728,40.748179,-73.951622,40.71093,13.22
970560f40cba4e6726bb158c59cc256d,5765eba5cd56d8bb164efb1de54d6146,2014-10-05 01:05:08,2014-10-05 01:59:08,-73.863826,40.67226,-73.939135,40.691969,15.29
f5a050e818fc25f6e74816251c37f30b,30be41d0d9def9452ab0ed1a9722fda7,2014-10-12 09:09:11,2014-10-12 10:02:11,-73.95741,40.769113,-73.89201,40.676278,21.68
6b4b40b7e55d22d06b2fa84282493aca,78f85d18cfb7a41e61da26c02f40f512,2014-06-15 02:12:36,2014-06-15 02:49:36,-74.008848,40.737016,-73.975711,40.708395,11.74
aa90523d21e5398079538b9d5fd8199f,4a09b07d59f62046ae29d99b6d400cbf,2014-07-15 09:39:54,2014-07-15 09:52:54,-73.945689,40.709999,-73.970747,40.733568,9.11
b0ff182cb0f7030f0a7ea743e49ba680,adf6f8452a0667c35b6dfa62c91e9ad4,2014-07-22 14:38:24,2014-07-22 14:59:24,-73.778311,40.645116,-73.978203,40.730835,34.3
ce231e450592f7d89ef196e825a3056a,ca47fda79c16ca34b77369a65c60b5ed,2014-10-12 09:19:25,2014-10-12 09:53:25,-73.9562,40.773763,-73.958621,40.708466,15.32
51aa65966cbbc4cb65be990326b14320,c7492c878fff6de9c325d8a5e367368f,2014-06-15 02:05:02,2014-06-15 02:33:02,-74.011638,40.740801,-73.945683,40.771359,14.41
6aedf2772cfeb2c90d596a81b6bd9bc0,9416de44cc6a33f9faa514daa0ad9abc,2014-09-10 23:18:56,2014-09-10 23:23:56,-73.990652,40.749142,-73.947948,40.705604,12.55
1f9e2c27335e24c6a72069a4a550e3d5,35dbf33bd6d964be941b298cf4e8c9b8,2014-07-22 14:46:43,2014-07-22 15:41:43,-73.774123,40.6379,-73.974525,40.79025,40.48
3445ddd1c9d7e53ce70aba3ea52a71b7,60aef19112331e10afce326ba7437fa9,2014-10-12 09:21:01,2014-10-12 09:42:01,-73.963556,40.771085,-73.961817,40.754716,6.07
9cbf5abe4e0da39f0bfe29d011fa7a2b,4765234ebdb9d49957afb1c5517af639,2014-09-10 23:08:46,2014-09-10 23:56:46,-73.997343,40.752449,-73.979998,40.751976,5.78
13993464ac85d42d66fc51b38ba6bfa5,a1cb139ade7c47ea4cb0d93e9e48aca4,2014-02-21 03:03:00,2014-02-21 03:11:00,-73.872504,40.627286,-74.002202,40.706233,26.15
130b46ac06ed0e5ea2b3e3e85a8175b2,b8b43aff0f25e1aff0ede964c6b4aaf6,2014-03-11 18:17:59,2014-03-11 18:23:59,-73.932422,40.759339,-73.919201,40.701506,13.22
d8d63c34fee17e7d49238fd5cd550781,9043916e1d64bce73921c289ca23aecb,2014-10-12 09:11:58,2014-10-12 09:50:58,-73.963177,40.769519,-73.958044,40.732587,11.4
eeef4ae4b57f5141d0f21bebc409aa30,32f1373f445b56f83baec20c494cca33,2014-07-22 14:36:11,2014-07-22 15:01:11,-73.777325,40.641558,-73.953676,40.732365,31.64
b950fdaa6051e9f80f54d00efe382b29,cb8e85fd03afa0645d6772257a8bfdb6,2014-08-08 08:17:16,2014-08-08 08:22:16,-73.981358,40.626246,-73.931557,40.73086,24.09
864bd4dfb51ed15ca101d7c475acdbea,ad3b393e4c186c54b600b4a1aacf87b7,2014-09-10 23:15:13,2014-09-11 00:08:13,-73.995099,40.752891,-73.978996,40.792648,12.58
e36a8bd449c6de710a7b578047e7cc57,2f91975b7bb39340e12f4e0ff5e772d2,2014-06-28 09:11:19,2014-06-28 09:50:19,-73.980915,40.774138,-73.959888,40.703284,17.92
5a6760a72abb264a3ced86dd436a5130,9040f1e4fa8fc187439d2550668b55c3,2014-12-21 10:01:41,2014-12-21 10:48:41,-73.821244,40.692918,-73.952182,40.719856,22.21
83745cabff0a2763618fb3837366889b,7a45b0b2981671175a36077ad820a47f,2014-04-14 05:25:55,2014-04-14 05:35:55,-73.840036,40.691516,-73.935022,40.712862,17.88
310a62edb5505a0e15185bd31e8cc17b,64dc6eaa773325ea85086768a1a20bde,2014-06-15 02:12:42,2014-06-15 02:31:42,-74.005719,40.744212,-73.808536,40.674991,33.94
a4e61457aa6c9f6b3cb6c956ac917039,391d799ee073834868804debdd35845f,2014-06-15 02:03:03,2014-06-15 03:01:03,-74.011007,40.737243,-73.997043,40.730412,7.51
4253f1d027860750aa6c11dff3373da5,f7543741f05686c9611f35d293583be0,2014-07-22 14:38:06,2014-07-22 14:53:06,-73.7763,40.644799,-73.957184,40.703222,30.29
11e7ec9f84c26ea78bde9c084eb45b95,3d5869a7741caa25c80a477150f63738,2014-12-13 23:15:28,2014-12-13 23:20:28,-73.998822,40.627475,-73.94033,40.679846,15.13
566fade9e5a4d0bd873329951d8f4ea8,273d41ab57f0a11725f540e5d6d5628d,2014-10-12 09:05:42,2014-10-12 09:09:42,-73.959256,40.774258,-73.841452,40.67054,28.25
2f7bd39945104ad73b589167630f1185,d056a660580e8f51cd460e98f8940e62,2014-10-12 09:22:56,2014-10-12 10:07:56,-73.963278,40.773759,-73.964322,40.723604,12.92
821949713c9baf71b143f10b2aa07aa1,3fffb0172b70bbe5694a0b44d39cb3be,2014-06-15 02:10:25,2014-06-15 02:52:25,-74.008019,40.742265,-73.958968,40.723219,11.36
875ab4331c7ff3b8ead253a427148067,99120e2c270ba2134c9b42a856dab2a4,2014-10-24 00:25:51,2014-10-24 00:53:51,-73.94557,40.735361,-73.84659,40.746748,16.15
afd4ed8962c18bfdbcba5de63f37d1f4,1b42abc6669672cf829807929b377469,2014-09-10 23:10:05,2014-09-10 23:25:05,-73.989958,40.748,-73.835089,40.648027,30.11
dc64863b68722bf15425344ed5561191,fa22ec6b652f14b3d04a8ec47ddf95a4,2014-04-13 15:10:28,2014-04-13 15:54:28,-73.981388,40.657861,-73.887801,40.745695,23.71
ce83c4e7fcf622aafc2f73bb3f921bd2,9cc9b5f476d55ea0ab798206e1412df6,2014-06-01 17:02:27,2014-06-01 17:51:27,-73.980524,40.711345,-73.950684,40.740729,9.66
472f71067123cbaa77616f743267e39e,3c6027a15d97387ad3a74c5ab7641d87,2014-10-12 09:06:23,2014-10-12 09:15:23,-73.959229,40.773984,-73.871002,40.662563,25.6
24b22cabf6922c5e22b1ed61221c3fa7,ab735720d200e1fa59f45681a9a9ef72,2014-04-01 01:24:09,2014-04-01 02:23:09,-73.873995,40.683729,-73.891317,40.697719,7.05
e2ea7079e4e1f4883646053179d3c48b,8caab4b4a969cd5238595e7fe31b04b5,2014-07-22 14:35:19,2014-07-22 14:59:19,-73.774261,40.64269,-73.854935,40.723578,22.24
cf1b7b34e3b15f95d5da2cf0cafcb808,2cb792281b363ab06f49a58b5fcfff06,2014-03-16 17:32:49,2014-03-16 18:14:49,-73.969789,40.775056,-73.95734,40.701866,17.08
34c64dd22e1566b81ed44999ebb673d4,3039ba69a724970ffdbb2404cbff1b40,2014-08-30 03:06:42,2014-08-30 03:43:42,-73.921468,40.718194,-74.009524,40.740294,17.16
dd870193acd03e00e584c445bfc007c3,4da55b1af8068ea6dec19a64feb11176,2014-06-15 02:08:41,2014-06-15 03:08:41,-74.009057,40.743481,-73.943646,40.680018,17.87
0ed0e5d3607e0b9c529f83225ff3946e,be665cb60530781f433f81b27328ab45,2014-07-22 14:50:55,2014-07-22 15:02:55,-73.77882,40.637351,-73.959125,40.754155,35.79
052b20ec1b5cc035368e38bb9e39c907,f36d015d428b570f21a7e947146729d5,2014-05-07 20:01:30,2014-05-07 20:27:30,-73.952095,40.760935,-74.00191,40.781248,11.68
dc757f88c465d6d94e8c7bd67e9d41b9,342ffee12604454354a08eb1140c9904,2014-12-20 19:30:55,2014-12-20 19:56:55,-73.993294,40.698881,-73.971701,40.727495,8.8
361083bd252c21a936e00c06e30fd923,95d8df21f86e0d74db2e522b755e96a4,2014-09-10 23:14:48,2014-09-10 23:53:48,-73.994619,40.747993,-73.83373,40.655792,31.7
dfd77fad2f98fc845fe33ebf81bbf0ca,09aa59294ae5e71e025b3f8af53203dd,2014-06-15 02:09:30,2014-06-15 02:49:30,-74.005186,40.738947,-73.973936,40.727893,9.39
953b8371833aebb0108d81107295bbb3,cba839f072ed865f31b9b801322b8ee7,2014-07-22 14:42:25,2014-07-22 15:09:25,-73.778534,40.640255,-73.94732,40.677166,28.11
3d72ca60eaf5e53676276ca3b0dd43d1,0523f11f06d9c9ebeec8e7b05f87c0cb,2014-10-12 09:05:05,2014-10-12 09:23:05,-73.956107,40.770035,-73.940982,40.761892,7.89
5cf6a9ad092a5743f7c8173a0c30e34d,eb08ecb3a9bfb4c12d987f2d5ebafcb4,2014-04-28 00:09:17,2014-04-28 00:31:17,-73.993734,40.723618,-73.990421,40.709017,7.27
ec37448003f82d00de550b19a706815c,ea3b743c51e3ea853ae437ae16e84d69,2014-08-25 13:34:29,2014-08-25 13:54:29,-73.853333,40.716604,-73.937509,40.791747,20.35
6577c0d083c347590f9088424752618e,bfa7d6ef143321e05361a99b58303744,2014-09-10 23:18:22,2014-09-10 23:49:22,-73.992262,40.748423,-73.955396,40.79589,13.31
2a935f397b9c612d057337170c0f6278,a77433c98516e6b37bae64d592d5235d,2014-06-15 02:06:13,2014-06-15 02:58:13,-74.011362,40.739115,-73.97959,40.786648,13.34
9469f9731262c0f0120725d9ca718f3d,006abb68617874f0b8afee24ce84335c,2014-10-12 14:54:48,2014-10-12 15:07:48,-73.970045,40.766526,-73.984107,40.767932,5.43
b7efecd46347973d86aa0124aaca4678,836c3fd85111af8bf0397d94b660825a,2014-05-21 08:28:01,2014-05-21 09:24:01,-73.946365,40.710067,-73.902697,40.673787,13.05
eccfaa20c7e5748979cceb6c155bd162,60384b7b33b0a7122701d2ebbd51d5e1,2014-10-12 09:07:46,2014-10-12 09:45:46,-73.956604,40.771577,-73.800509,40.640055,35.24
15b85403ba08a1ce319e1945a9cec553,c0c2349da9357a462570923e61cab58e,2014-10-12 09:15:27,2014-10-12 10:01:27,-73.962853,40.76918,-73.804486,40.710355,27.94
a0432ba6b2e7c5b7dd23179092e551db,2adae2440480dc56a3f13b88b4248b0b,2014-06-15 01:58:58,2014-06-15 02:38:58,-74.00672,40.741439,-73.971253,40.744655,8.51
ee044e9c59de1bbf1ede67e84f8f4bab,6265b162522761056460f2978d639678,2014-10-12 09:18:49,2014-10-12 09:29:49,-73.956882,40.775036,-73.939063,40.642387,27.89
a3f3ef299418bdbf113733dff765739d,c4ad18f286e0e87b487e55aec96ebb39,2014-06-15 02:00:56,2014-06-15 02:50:56,-74.01185,40.737138,-73.963939,40.786211,14.98
643cd637eb15f8f96aca9cd48f1fac8c,bfd421cedfaa451f9596be05f6ce37fb,2014-10-20 13:26:09,2014-10-20 14:06:09,-73.943661,40.734094,-73.975796,40.743408,9.33
6aec4533e4a5f38cd0b20ccd14ac0810,100d219bde0cbf8de00ac85fac2f8144,2014-09-10 23:05:47,2014-09-10 23:49:47,-73.99177,40.749093,-73.947337,40.728533,11.17
cc80b41e4d507998c3f75bfc62cf5cf6,e39ed73a4b3be6c29eff6d2165743b46,2014-07-22 14:46:28,2014-07-22 15:20:28,-73.781379,40.638493,-74.001897,40.772356,40.63
72207d6d9714a63a4a5f7d61b6b3f79b,4f38afd86cb989c280ccf16375e76641,2014-09-25 15:45:17,2014-09-25 16:16:17,-73.886354,40.710943,-73.847735,40.697276,8.95
6d7d9eab97cafc4af3d85448da953451,b5222ee478abcda6a108cb52ac4ce3e9,2014-01-18 19:04:14,2014-01-18 19:49:14,-73.826809,40.703969,-73.885601,40.711937,12.81
658ba2b236215f160140efa7b08f4ceb,26af9f27c3c2847150c21d9cbf92eb6e,2014-06-15 02:05:57,2014-06-15 02:25:57,-74.011429,40.743413,-73.962396,40.779263,13.98
0d5fe237d0f5da6a28b80155ea0b0160,06afeae91e00147abff3dd59651f989e,2014-08-03 04:19:32,2014-08-03 05:03:32,-73.90084,40.716875,-73.920012,40.686645,9.28
fcc5ff655440675d2082104a220d8fa0,2a1e979d89fe2685625b670d11d5f3f0,2014-10-12 09:07:16,2014-10-12 09:40:16,-73.957982,40.774399,-73.949129,40.775317,4.97
bdd498c8d194b96a68ce0bebe0df78fe,4e44f506184abb41230dca9183e0dfde,2014-10-12 09:18:38,2014-10-12 09:46:38,-73.956024,40.768942,-73.941733,40.736536,9.75
b39144e0a705a1109325903651c20d67,c2c861b167fcb2ded0f22ba7a7985c6f,2014-06-15 02:05:29,2014-06-15 03:05:29,-74.00526,40.741641,-74.00773,40.782524,10.18
dce32b5e6cad1afeba48dded64edcd0d,f9d049c3c1b2e234696a97c3d7ca741b,2014-11-03 13:53:39,2014-11-03 14:49:39,-73.989497,40.763736,-73.95203,40.742101,10.28
40c0098b55437343c82195ba005b12ca,4a082095c9f747f5f5c41f11ff4e93a3,2014-06-15 02:03:57,2014-06-15 02:06:57,-74.010319,40.739231,-73.911568,40.680448,19.97
67eb082bffe72095eaf18488bea96050,eb6f6c888aab95a8a056dccf1e1848d6,2014-02-27 12:45:35,2014-02-27 13:44:35,-73.841876,40.655157,-73.990079,40.764241,32.11
ae58c588fea9bb3246d92a5243362cf7,01a879a8f8b0cc7e53390c6f75ebbb0a,2014-09-10 23:23:32,2014-09-10 23:54:32,-73.99348,40.753437,-73.822483,40.732681,26.73
b33e704cc189e80c9671230c16527bbc,685ebca4b824234ec63639943c898894,2014-05-19 01:20:35,2014-05-19 01:37:35,-73.996872,40.653278,-73.940561,40.765732,26.12
5ab4de718e958fc082557f03bf439493,85deaccdcb12b47cfcd30179e1a2619b,2014-06-15 02:09:56,2014-06-15 02:34:56,-74.00906,40.743563,-73.838556,40.694633,28.98
82b1eb154e3322c4999aefcddba495ba,0c8f6fde60e02c07e1bed911b6ef5ec8,2014-06-01 20:37:42,2014-06-01 21:17:42,-73.99178,40.660212,-73.931345,40.68761,13.75
2e74e032cbc5e74281f3b178fbbf989e,d117fe367387b49252f993d9eca2bd8e,2014-10-12 09:11:44,2014-10-12 09:58:44,-73.961494,40.776446,-73.943465,40.76728,5.87
557b02e4bc71b16c0ebc9cee6f757822,5d647be4e8be6c7fd44182567c83dca7,2014-06-26 21:17:42,2014-06-26 22:03:42,-73.963733,40.724741,-73.967715,40.706139,6.55
7cf14f4af8b8edb15de23a404fd37e9e,bd3bbac1c4ad3724606e6b5484733798,2014-06-08 04:05:29,2014-06-08 04:51:29,-73.983977,40.761448,-74.00532,40.702717,14.5
a9fd988aa1052724626c6bf6e30b234c,8b17f2bfb1be979e21478d385164455b,2014-06-15 02:11:04,2014-06-15 02:32:04,-74.010159,40.743006,-73.961974,40.648471,21.13
99115d1ea0ae33939899d652dcc34089,807c476b74620093f8e2bf5969ead3e7,2014-09-10 23:16:09,2014-09-11 00:06:09,-73.992291,40.747344,-73.85949,40.707684,22.75
974f97b4963e1430130f1cdc8a9a4486,41b66df8769e0d3377ad74afc8c8aedf,2014-01-10 08:13:36,2014-01-10 09:11:36,-73.977071,40.653433,-73.966369,40.632913,7.17
a8b45f3f138668542c11d0e93751b50b,f62d3d1e35d310973f8765b8e3b8fcdf,2014-08-01 06:29:08,2014-08-01 07:11:08,-73.802071,40.714296,-73.855846,40.64626,16.81
7fce3a8e9645f6b198de641fee22e9c7,c6d4dd7c8fa3ad994240954014ac2b6f,2014-08-13 14:51:52,2014-08-13 15:00:52,-73.994987,40.774571,-73.948049,40.769645,10.7
82ae19ca93e2a7cb40531d414b56c389,f030dda2331eb36cb2729f03207c900e,2014-09-10 23:17:46,2014-09-10 23:32:46,-73.996983,40.749383,-73.991123,40.797327,12.4
037cb433ab5895649f7a9ef37f767ef1,1c500351b686bb87f7d385c7249bddb1,2014-06-15 02:08:46,2014-06-15 02:13:46,-74.006141,40.741437,-73.983862,40.790963,13.08
9f47812e3024e392a63810c76744d271,b6f12c9998be28a5eb7b9bfdc9efdaa5,2014-09-10 23:17:14,2014-09-11 00:00:14,-73.994061,40.751992,-73.985009,40.742646,6.52
ed7a06d80d0f51da041e783e51f113eb,e82830be945ed05bb45bcb583c081e91,2014-07-22 14:39:09,2014-07-22 15:01:09,-73.77528,40.641007,-73.955116,40.715762,31.93
c2009a8a5fdfe471692880ee0f2476ef,b784d99dede84046f06d1f725f43f32f,2014-06-15 02:12:36,2014-06-15 02:30:36,-74.010132,40.741374,-73.851059,40.625674,33.64
e2a20a738bb7961487647b5481e9d344,fe542df8eefd119180166edc7a24e5d2,2014-06-15 02:00:40,2014-06-15 02:41:40,-74.004965,40.740866,-73.9468,40.727625,11.99
ad91f121cbd4d71b41f359963b3a60e0,a8b82b7f3271009f98fecb186d1e4511,2014-03-05 06:30:42,2014-03-05 07:29:42,-73.994972,40.768737,-73.914721,40.638658,28.94
291435ac1ea4666c64f5318215db54e7,8d8cdbe5bead14b981134fd4680854cc,2014-02-20 20:04:58,2014-02-20 20:27:58,-73.996904,40.745753,-73.860809,40.637883,29.51
9252d95804a5327a1e9f6398b120ff12,dbcaa780ca187390563da31267d025d0,2014-04-30 17:47:25,2014-04-30 18:18:25,-73.979808,40.704866,-73.990024,40.720174,8.24
3461f0c844cce0e649855083a5200f10,2556416be59544b079bec061f3ca8671,2014-08-22 00:20:19,2014-08-22 00:57:19,-73.98964,40.752175,-73.961511,40.712159,12.17
a891fa4b66213e6e2953cdbcd2f171a5,3e34636e689a9bc19f25fbac861e4da2,2014-09-10 23:13:19,2014-09-10 23:53:19,-73.992848,40.750361,-73.92405,40.643564,24.43
3ba0e05ad7f45ab86fd5cdc6db0d3281,a244259d972110262f4620b2645dd1ad,2014-01-23 09:50:45,2014-01-23 10:34:45,-73.951529,40.715636,-73.837375,40.624486,26.29
69c7668da934625ad05b87661abc1bc3,f23c384f4b1dbf1aa3f0a0685e07f9a8,2014-09-10 23:13:14,2014-09-10 23:38:14,-73.989695,40.753439,-73.958011,40.757685,8.56
3b4df1fc809c796fe02db3964a50b3e7,8fb8dc26c5974fbc0065d0facaeeac24,2014-10-12 09:14:41,2014-10-12 09:25:41,-73.957188,40.772545,-73.87684,40.652767,26.9
3f413768b5aba75a01090eb2c46cc082,205d3c9366f802b86dbfd5d587ede0ef,2014-06-15 02:12:19,2014-06-15 02:25:19,-74.007055,40.743211,-73.831103,40.631457,33.67
85845b481f929cd5c19446cba6371af0,c1202587094639b8211e1dddf462b5da,2014-01-24 17:05:15,2014-01-24 17:25:15,-73.968213,40.709684,-73.961761,40.700726,7.23
f45dbfab2dec418c6b25978e3082f33a,10fb52133d4a0b409f733c062c8d92fc,2014-09-10 23:24:16,2014-09-11 00:06:16,-73.991342,40.751973,-73.995668,40.744622,6.76
b2325f8887b8573648c5e4697e1f3ba7,4dd7276f959b738cf3c1a51d7b5e6a2f,2014-07-22 14:48:07,2014-07-22 15:48:07,-73.780593,40.642512,-73.945566,40.789969,38.4
6529257b3d50dea26b43bd63feed014c,c7f5605d8b92e5b52c1a1945d891e2b8,2014-10-12 09:23:43,2014-10-12 09:58:43,-73.958976,40.770051,-73.996629,40.759876,9.04
e95d27a43dc7a5f0c015409386bb49db,6fd311cf2d433d7a8718e814d9f9818d,2014-01-31 08:21:11,2014-01-31 08:32:11,-73.953885,40.635331,-73.983526,40.760149,25.47
c7ce258f6ba22292dff41a2007a095f0,48d9ad85368a284baf6fe0d1371c1b14,2014-06-15 02:09:59,2014-06-15 02:16:59,-74.004911,40.740443,-73.979282,40.771835,10.37
627c3fe3bc5a8995ad799d80b401d13a,2bad46763df95db4a9a8233aa701324f,2014-09-21 07:13:10,2014-09-21 07:17:10,-73.914577,40.620254,-73.869994,40.707503,21.3
4257b6609b36079df301a16854a95f8a,a19f81019d25be4f799146be5382b88d,2014-07-22 14:50:39,2014-07-22 15:42:39,-73.78028,40.641928,-73.996359,40.758352,39.29
1573b667872d77e8130db3a06a6975a7,15155ab6fe15fcd69e2100a05cf27a73,2014-10-06 08:47:58,2014-10-06 09:33:58,-73.801783,40.646221,-73.835083,40.677945,11.52
3dcfc9097488d3f93982ed4a899c6e24,ae4f5c081c8677d92da5d980dcde3abc,2014-03-15 00:58:24,2014-03-15 01:10:24,-73.879571,40.744465,-73.981275,40.721604,17.21
ec54e2340bbf0201f5ca694a94b97c19,e9ee5c6fdfc3cc114c2accfd4e0168d7,2014-08-18 13:54:13,2014-08-18 14:37:13,-73.992598,40.778874,-74.003498,40.737453,12.11
fcd387c7a917edb3b6f634ee8dfb88b8,fb3eca0b1d61de87d229a1f7d483e1b9,2014-07-22 14:48:29,2014-07-22 15:03:29,-73.775251,40.638704,-73.896944,40.727509,25.34
c7db8956607f1bb3d17c33397868dc02,bc1bffdfec18f4aa6050981be92e417b,2014-07-22 14:45:02,2014-07-22 15:45:02,-73.780315,40.637721,-74.004486,40.795408,44.2
0cd863ddd8c07c8ab24f8bc82258a692,63a3b98a7661660bc83b2d3e5685c2dd,2014-12-13 08:15:23,2014-12-13 08:25:23,-73.993545,40.70492,-73.959898,40.674783,12.04
276f2eccf64100f0d4ccc0103885364f,577184c47fa674240a85a4d4c247e376,2014-05-10 17:37:00,2014-05-10 18:28:00,-73.980335,40.708836,-73.976552,40.758016,12.56
e2eefaf9be10161b18d590436ba3ca43,25311696ede1152651af99699057027e,2014-09-10 23:13:16,2014-09-10 23:44:16,-73.993771,40.746699,-74.002786,40.788255,11.08
08e18ed1e86bcb11de0709a8a627e3d6,4c9ee4a05e2339ce0e759e0d59bebe1f,2014-09-18 23:24:33,2014-09-19 00:21:33,-73.882631,40.737744,-73.968693,40.79443,20.27
fea1f3ec5826c08e6edd85c7e8b15470,5159097f9566577e03ff6c36cd834215,2014-09-10 23:13:00,2014-09-10 23:45:00,-73.994314,40.748675,-73.870231,40.723987,21.78
43e4be24164eae0130de6edca953fb70,0ded227f91d819b9af037cccb47e271f,2014-09-10 23:20:03,2014-09-10 23:59:03,-73.995623,40.750538,-73.970398,40.722228,9.74
1c22897f58eb9f97c33b441844e834af,37ea67be8175710f2710f43bf4c4680f,2014-03-07 20:24:17,2014-03-07 20:34:17,-73.987455,40.795647,-73.983302,40.707629,19.11
ea7a8d6a34027764ad12dc231fefd5a1,ee655db230291d5c53bcd5170c0f257e,2014-07-22 14:35:30,2014-07-22 15:09:30,-73.780025,40.64528,-73.852654,40.672598,15.08
e7765354e342b79e2bbdc5f57777f8c4,2932aab9f41f9f7d8e0097ca3238c516,2014-07-22 14:43:45,2014-07-22 15:30:45,-73.781563,40.64092,-74.000793,40.781019,42.67
7177fbdae37c7f1ef3a56bd716ea33be,28aa47ec9d687e63d47860f7de7941b7,2014-12-04 09:55:04,2014-12-04 10:52:04,-73.95541,40.716122,-73.874809,40.630238,23.59
476c2daec4efdf09ac8b8a83fcf77041,1a1c874a4495ed4d5b25d76f3940b199,2014-11-11 05:46:48,2014-11-11 06:19:48,-73.982953,40.685653,-73.849031,40.668417,21.7
dca1666e38b3af4278e38531a3caebd9,e934808b79d0999a6f9a78e269a72ee8,2014-09-27 17:17:57,2014-09-27 17:50:57,-73.919811,40.654884,-73.883203,40.739754,18.52
dba03c39ed8c744c7624d3e40e88893d,cfa3bc10b2b87b77bf8d2882525c75ad,2014-07-22 14:45:24,2014-07-22 14:55:24,-73.776365,40.642742,-73.897925,40.631822,21.07
4d74aeef9fb9ef007d6ffbc7888a31e4,ebfc699c8bcece2f4504e972601463f0,2014-03-10 02:43:43,2014-03-10 03:16:43,-73.987049,40.706937,-73.993486,40.722483,6.19
67729e4ac4d46ac951d4efef0048ca37,fd7d5f683f729c5e0c9401b80bd4be83,2014-12-23 13:01:10,2014-12-23 13:07:10,-74.009196,40.709199,-73.949794,40.741307,14.57
8d84d22ac7c633ec7d8ece18258e918f,524bee05cb79cef54dfb418997233184,2014-05-12 00:42:05,2014-05-12 01:26:05,-73.943612,40.746989,-73.98592,40.741508,9.41
075e4bfe6607421289b566a32bc135e5,7d202a8e0adb7404d6454b709792921b,2014-07-22 14:46:16,2014-07-22 15:24:16,-73.775645,40.640999,-73.944684,40.739595,32.8
eafc5a62d32ea692d412c46f2ce4480f,0e9c71b2b149303c572709c21d38fee5,2014-06-20 17:21:12,2014-06-20 17:40:12,-73.980911,40.735515,-73.895391,40.720408,16.57
66b4b677752e1378b38788be77808ef9,99f4b03aff23df89baa8d664a263f199,2014-09-10 23:24:10,2014-09-10 23:48:10,-73.99341,40.749427,-73.949824,40.741909,9.76
c4c441d34ff94aa36ae30abe9293c4ae,cbde4e59089dcada08218b49a815175d,2014-06-15 02:02:28,2014-06-15 02:12:28,-74.010256,40.741312,-73.966442,40.719697,11.36
6ee8ad850cf630a126caaa910724a621,2576f95f330c7bad167432703e139dbc,2014-07-18 11:06:31,2014-07-18 11:49:31,-73.960692,40.723261,-73.985292,40.789678,16.76
9a91fa948e4ee453bd55e151ee4333df,024747f8a98456204d093c5e94f52b83,2014-09-10 23:10:31,2014-09-10 23:51:31,-73.993762,40.754204,-73.947778,40.694738,15.92
8ec72749975b2f84c5c417058ef43a12,79bbab50acf8c573ebe1b577051d314c,2014-10-19 10:38:48,2014-10-19 11:32:48,-74.008343,40.737788,-73.948924,40.782656,15.59
075e4bfe6607421289b566a32bc135e5,27c00a118b7c893de9c14bccceca766e,2014-06-15 01:54:53,2014-06-15 02:39:53,-74.008611,40.740248,-73.989166,40.732299,7.53
efd50090bd9761c31ff1d4abfe78c68b,5f56a5df7724e65df6ca523c5af2b5b1,2014-07-22 14:45:36,2014-07-22 14:48:36,-73.780787,40.642183,-73.874384,40.713916,20.81
192e84fdb668eecafaa2439ff01162ef,3141a2f669cbc8792cc84f6b3536d9d8,2014-06-15 02:09:16,2014-06-15 02:48:16,-74.010481,40.742569,-73.968822,40.749827,9.84
62df1ff5f6f9909f1e1da48c1ff54270,582b2020c066b0ee2e9c5ae753d2ae81,2014-07-22 14:37:42,2014-07-22 14:40:42,-73.779442,40.644891,-73.934092,40.72453,28.32
82a76d6bcdbd3b89d03230bd78c2d3e1,fedb192a42c26962b13eb89db6ab4f92,2014-10-12 09:24:33,2014-10-12 10:22:33,-73.962274,40.772988,-73.916878,40.716399,15.55
11fb95ac57d4aa4cb82bb2e061c53374,2b7043bd2a6ba09f1956e3b768134fc3,2014-09-10 23:16:24,2014-09-10 23:55:24,-73.991526,40.753843,-73.96542,40.723078,11.38
0c68a8ffb1d952e3961f882ca4f59ec7,b51f97a6d6c5d9f94e0cd01d30fddfc3,2014-01-09 16:37:44,2014-01-09 16:51:44,-73.913313,40.728791,-73.994669,40.711643,14.71
329b62963443afbd44ca7660c5874ecd,dd54546e095d38b7ecfd65d92090752e,2014-08-06 16:47:31,2014-08-06 17:12:31,-73.943112,40.746625,-73.813945,40.631192,29.37
4baa6e1d320513b21dd99d88d9226fda,670c45183395ff985d3f73f18ee9de9d,2014-03-31 01:33:07,2014-03-31 01:54:07,-73.992751,40.73315,-73.811997,40.715333,26.95
8244910bd1f08a8379796aa7dec00eb4,852341c526c86cfd5608a8cc3fb962a5,2014-09-10 23:17:06,2014-09-10 23:31:06,-73.990483,40.751262,-73.9371,40.711685,12.85
2d01a7fbf9d1c91e0eb6ff0d4aa846f1,83f8df4c0a62331131c2ed4c1b2a0608,2014-10-12 09:05:09,2014-10-12 09:40:09,-73.96298,40.771734,-73.819785,40.628113,36.52
76f4d97232de84bc1e820f719a10af30,e96f7463f5b0942a6e73cafa51d593a7,2014-09-10 23:23:42,2014-09-11 00:19:42,-73.990005,40.751181,-73.996108,40.769182,8.25
5118b4962c773d7615062eb1ea80af82,7fb670a27cb472f0cce422eac91bdec8,2014-09-10 23:13:31,2014-09-10 23:53:31,-73.99056,40.748529,-73.877624,40.693407,23.07
76311fd3951882d1024a1c71628e89d6,ef7c658f84e110459b559bad0713e48e,2014-05-28 18:03:11,2014-05-28 18:35:11,-73.887572,40.656819,-73.933353,40.68251,12.25
4537eb484b45eb4734d5f059ff4a44a5,ea4b1aa33ce5a7d652711cad76d76535,2014-09-10 23:15:00,2014-09-10 23:42:00,-73.9934,40.7505,-73.9907,40.7282,18.75
df2b7d733943b1b160f33c3ec4e6a41e,a0feb1f388664d033b94a8b4c88d5b1a,2014-07-01 12:17:54,2014-07-01 12:21:54,-73.964809,40.762427,-73.948805,40.741539,9.05
c7825d99313e9ded03299409f3a0e823,3832b9b3cee885e9a0882ac1d0d6776b,2014-04-06 02:17:34,2014-04-06 02:49:34,-73.955438,40.774861,-73.968419,40.740635,10.33
c7bf056f5e2ef6d4ccf68ea4a23502a7,de2af296949823c18df2cc3841a63a7b,2014-01-21 05:59:02,2014-01-21 06:26:02,-73.914633,40.675863,-73.974964,40.713777,15.51
7d8bb524ac8b84010bb06f529d12b340,119d2a94dea7dfe09996192f7610897b,2014-07-22 14:39:18,2014-07-22 14:45:18,-73.778916,40.644889,-73.89979,40.701714,22.67
61a3dde86cfe15b71c0c4c08c6dc6deb,798d6a2f7068e75f4f13fa9a86a397f7,2014-06-15 02:10:45,2014-06-15 02:39:45,-74.008372,40.739511,-73.93749,40.71485,13.99
f75f94461e18b350f3ebd257ba06510a,2b3b9b8f179e01023e60c1d23b838178,2014-06-15 02:10:47,2014-06-15 03:00:47,-74.004348,40.740318,-73.900759,40.746584,17.84
2f3c46c89a0caba2d4768c77b568ed86,f1bd287c3729e8afdae5499c4640e67a,2014-02-10 12:16:09,2014-02-10 13:02:09,-73.961731,40.782647,-73.99408,40.702684,19.73
2092eb6001d3b498dee50b5ff2367fce,a55ef0565cdc4779c324b07fcc453899,2014-09-10 23:17:34,2014-09-11 00:12:34,-73.997009,40.753102,-73.982078,40.705506,11.81
7641f90843bf1c9a42b83a9a172673fc,28c4feab49b6a4dbf38f8d9d22483d01,2014-04-08 10:27:16,2014-04-08 11:23:16,-73.957449,40.729517,-73.943738,40.729289,5.2
85fc544a08035ca922cf850ccb940c06,b659553b1a26fbbd6d51d0d7ea8cafcb,2014-06-15 01:59:04,2014-06-15 02:27:04,-74.007996,40.744341,-73.880393,40.676909,25.59
3cc0d37737d68aa1cde104a0467e6d58,20ab37bf2c9d88266407fa505cb53e5e,2014-10-12 09:18:32,2014-10-12 09:47:32,-73.95766,40.769943,-73.989056,40.729019,12.72
c7e118cb3f2d1f8ed5db5c8a8e81ba5e,04e8f501f9a52d85555484d28814ba84,2014-05-26 10:48:47,2014-05-26 11:22:47,-73.959123,40.639717,-73.936127,40.703791,15.97
ef7dd82682d9fafb4cc82c3c839535ee,9948bf29fa12dcf0d2d4c9b87cf99922,2014-07-05 05:43:22,2014-07-05 06:25:22,-73.963029,40.764385,-73.895333,40.685142,20.25
d014bf3b8983eb73f40d4e48bb973932,9f99126859eb993d0b47e50419e69491,2014-08-09 16:25:59,2014-08-09 16:54:59,-73.899914,40.730016,-73.998611,40.778288,19.72
29cef6a4c3081be9e9a7748726ef7d57,72ba7c39abca0e5407b75afd61dde05c,2014-10-27 06:18:40,2014-10-27 06:41:40,-73.990797,40.707669,-73.963975,40.709363,6.74
6d49b29f6d1718b6bec71f1b9edd7ff9,3f25255402b2046610b3228cefef9ada,2014-10-12 09:22:41,2014-10-12 09:40:41,-73.957814,40.773299,-73.883135,40.662807,25.42
ab5c6d861af07065a31546b40e7cda76,0d1effbd2b1fd04b7b52e532ec0931f6,2014-10-12 09:07:19,2014-10-12 10:07:19,-73.960441,40.770382,-73.850583,40.674479,27.18
0638249170eb97ada15efeaace114444,60beb530232e6bed091be30681ad460e,2014-09-10 23:13:59,2014-09-10 23:46:59,-73.996035,40.753438,-73.841077,40.698109,27.47
e83290bc94e9f251c6739aad65998657,c287ab9ae9c3d545654afbc80ca977fb,2014-12-28 05:57:21,2014-12-28 06:56:21,-73.942847,40.707512,-73.933801,40.751368,11.72
3fa456a624bf55bd41c041f19730442d,8fbdedcc7e2fd2fbf6ef122f41df06ba,2014-07-22 14:44:59,2014-07-22 15:14:59,-73.77945,40.642459,-73.936468,40.789479,36.25
83ffcc3e7e7ed5daa7fd603de8204387,9907a2ebae0e558529efa5ab9435b19b,2014-10-12 09:12:02,2014-10-12 09:53:02,-73.959618,40.774334,-73.99453,40.678924,20.23
b3c3dd52838856810a62ebe2de9305aa,178054667241b8a0c00b4a42a3147244,2014-09-10 23:18:04,2014-09-11 00:14:04,-73.995387,40.747123,-73.981768,40.751637,7.11
51d006b75c7958b89728ec5c9aada3ee,64711b255a39abbc69fe806919c4f983,2014-10-12 09:16:11,2014-10-12 09:48:11,-73.95767,40.770296,-73.933518,40.726268,13.32
3f8f2eac4da1958b752ac987b091a39a,b93e4fc52e6995a75b03c5310675319f,2014-04-17 21:52:24,2014-04-17 22:38:24,-73.848678,40.634491,-73.998697,40.643683,24.96
04cbd25241da3135f5430320f9ea2bcd,7f81f9910e945a93a291932c422ff08c,2014-06-15 02:01:59,2014-06-15 02:36:59,-74.0085,40.737979,-73.93923,40.78167,17.12
2d1eac31b5552394520b7ddf4b06d699,f7a80ee7528e57520b18f12b5476494d,2014-05-01 16:55:14,2014-05-01 17:02:14,-73.945355,40.747997,-73.959896,40.759253,6.56
bc7e38ffc906e7bbc8a3454ac06fc3ac,d56fcfbbdf1df9d77942434718f6fa5b,2014-10-12 09:09:04,2014-10-12 09:38:04,-73.961704,40.770635,-73.961901,40.725645,11.79
0de6b2887c74ac337faca5f4677d4fc3,113fd88e7c17e38720b9eccd1a82108e,2014-07-22 14:41:52,2014-07-22 15:18:52,-73.776048,40.640612,-73.942736,40.75536,34.53
8e1a90fd5489ae22a06fd5fb5a5c9808,e058bfd2602faac7ac3ef7970277eebe,2014-01-05 21:08:06,2014-01-05 21:32:06,-73.911123,40.665028,-73.851486,40.680053,11.76
d9edc4ef305b190d89e172c1bf9ca8e4,8ea74abfd4339a12c4a1f9962dd68d1f,2014-11-22 16:46:45,2014-11-22 17:22:45,-73.831562,40.734827,-73.934361,40.795536,22.14
29613923956f216666d26dcd18264b99,9b3427594acc3f312da703cf8076ea48,2014-07-07 20:35:33,2014-07-07 20:49:33,-73.955494,40.782169,-73.876568,40.731711,17.59
73e28094313b11acc0bda5dfb886ff3f,93dd1452786ed69595e3b5d86e226e79,2014-09-10 23:21:05,2014-09-10 23:43:05,-73.997218,40.7501,-73.99305,40.774001,8.53
734c18d8cf4f04e3e115951e9e0e2124,c5a56250a9ca02305249ec6c0c53f013,2014-07-22 14:38:14,2014-07-22 14:56:14,-73.775304,40.641834,-73.852051,40.6699,16.14
80d9ce48bc9e984bb88b57c006204cbf,82e4b42b574667999b22949a5c177993,2014-09-10 23:05:01,2014-09-10 23:57:01,-73.993948,40.751928,-73.991312,40.668149,18.8
4ee7e4fb126a4a2bc8c6a9599fcefd61,67a5d3d794b3077ed29a0455ff8ecd75,2014-10-12 09:14:00,2014-10-12 09:32:00,-73.959116,40.776005,-73.952624,40.759627,7.48
76b2738bfec577708fd6dd2e63528821,cf0b99761093a0c563db91f4a77d5467,2014-10-12 09:07:24,2014-10-12 09:53:24,-73.962901,40.773108,-73.962553,40.776423,4.41
954098685214c4b5150e5cc130812936,62b978a5043f11a7b43cce7119b5f6eb,2014-06-15 02:02:04,2014-06-15 02:51:04,-74.009893,40.743807,-74.001487,40.750768,6.19
bf9e8c8fbd4ba290a794e6a108aab8bc,bf7207ee412d0226f273a06a62d2b414,2014-10-02 20:44:46,2014-10-02 21:15:46,-73.935672,40.706096,-73.933281,40.721062,6.43
7a31717bd5e88e1e2c1a42e03018f153,c511f486cfeff0ce1250c62248ffcbe4,2014-09-10 23:16:07,2014-09-10 23:55:07,-73.997098,40.747738,-73.947002,40.640294,24.91
d0d102e44fa1366ea8dc62d4e978229a,01908a7ac50cd80bf536735910cac3f2,2014-07-22 14:53:42,2014-07-22 14:56:42,-73.780216,40.639386,-73.939611,40.744025,32.42
df2262f8a4db5b1df6b5038248e3dccb,6fa3a71d52e12fa86c9180a9d4fe7924,2014-07-22 14:53:25,2014-07-22 15:53:25,-73.778796,40.644064,-73.85042,40.6796,15.67
fe3370728b7a25f75f9288a3842c601f,dc06ab6e5fcfb4da14c6c160471306b5,2014-06-15 01:53:53,2014-06-15 02:23:53,-74.004595,40.736814,-74.004402,40.736422,4.73
807cc113997e6c57a37a0b2885de57f9,e58b42474d6efd2f8aaf2f82a926294a,2014-01-27 05:44:49,2014-01-27 06:42:49,-73.985224,40.748118,-73.932435,40.678809,17.77
d00aea4c403146c9445f94968022bedb,8210fed256f9480c5e59b702a99c467e,2014-06-15 01:58:18,2014-06-15 02:56:18,-74.004285,40.741653,-73.978081,40.771295,10.84
3fc8b891d2df24cf378a891c79a0795d,9aefa57b20be9180a410b0ff92f99e5e,2014-12-07 04:10:47,2014-12-07 05:06:47,-73.91162,40.638019,-73.93521,40.731326,21.19
14af1fb37578bc5e017595d2afe2ef3b,16b150163bf823303f8582d029bcf4a4,2014-07-22 14:51:57,2014-07-22 15:44:57,-73.778106,40.640573,-73.868267,40.651463,16.75
6724c886aeae07505f9d6bd57b20adec,2985d2d02e63ec10466d0feceeabc236,2014-08-25 18:52:20,2014-08-25 19:34:20,-73.983998,40.794549,-73.886139,40.652492,31.86
b7b04c39a4f16ace3830f40aa4f9a85d,1ed248d8d4c983242a836566875c15e2,2014-09-10 23:22:50,2014-09-11 00:11:50,-73.991886,40.748044,-73.949861,40.714172,11.13
5733cf01ae7e7e62642e9fbecd31b3b3,0129a72f96a2abf13c01c6aa6573aab6,2014-03-30 09:11:07,2014-03-30 09:28:07,-73.96304,40.723372,-73.906252,40.69184,14.25
3e86daae0ec6469792192248417d8450,e519843414a0f683d355ab516689d944,2014-10-12 09:05:21,2014-10-12 09:33:21,-73.962626,40.769433,-73.918982,40.679821,21.14
40570b84dfc81f219605aa9b7b6005fc,9e9dd56e52218a5ba0e7e64541743c22,2014-06-15 02:00:43,2014-06-15 02:31:43,-74.009762,40.742915,-74.002265,40.712866,9.22
b6b31e1acf5078ec0f3376bb3330d1c7,f772dc1e46eb7a01ae2f100c1d6485f3,2014-09-10 23:14:23,2014-09-10 23:17:23,-73.993465,40.752002,-73.846826,40.658949,30.04
7016853653d25e38dae4aa242edc795e,80a93a7f78707dfe950acb992b4f3f4e,2014-09-10 23:19:07,2014-09-11 00:02:07,-73.993209,40.749404,-73.804962,40.714494,29.9
5ff2adf2331b56cf93a92c7c8bdc1a5f,cc75003267ff335d51ebde34c1418506,2014-05-13 23:37:07,2014-05-14 00:18:07,-73.904756,40.711298,-74.006937,40.727838,17.07
840be9677bc3ae43f4d691ad2ecc3208,48c7f48918864d55a93d035b855add2b,2014-06-15 01:56:43,2014-06-15 02:32:43,-74.007507,40.739896,-73.859192,40.720745,23.23
a84fa3f89bbc4aba03f423441652ff4a,4b589760b572c24399ec6415f034dba0,2014-07-22 14:46:19,2014-07-22 15:26:19,-73.774583,40.643367,-74.001921,40.756268,39.31
e6fbf80668fe0611aea44fd9574a7e32,34a637667e3ba0f1b3b26b147b7715ef,2014-10-12 09:15:04,2014-10-12 09:25:04,-73.960297,40.774424,-74.006379,40.784291,10.3
d7cd4f14f8019d5343ba46973643002b,602d39b0485c7eeffce09ba83d8a3c72,2014-10-12 09:14:13,2014-10-12 10:01:13,-73.962694,40.769584,-73.872751,40.666951,26.67
b4c414ba3488ebecf8a633b313a41b00,fc539bd59735695509fdc12faa373227,2014-10-12 09:09:21,2014-10-12 09:44:21,-73.962493,40.770269,-73.936718,40.741735,9.26
bb73239609d520bbab248020103aeec6,c3bb1294aeda044ec54c97626b1e07a3,2014-11-08 12:29:43,2014-11-08 13:13:43,-73.970232,40.741866,-73.893505,40.68939,18.58
d9b9634b4eb6f365e7ea4b6f6c80fe39,930f18b9004dfe5932c0bd9b0933f0bc,2014-10-12 09:19:46,2014-10-12 10:04:46,-73.957537,40.772073,-73.952761,40.721729,12.17
eebdf969804c597ea77af1a97ab98574,a78699815da17507be30bb2a6c39cca6,2014-09-10 23:18:26,2014-09-10 23:37:26,-73.991595,40.747286,-73.928572,40.7437,12.95
706fb9c52a0b8da61e88c3fe275eae97,055b5b559ccb026077afc4138ad68e90,2014-09-10 23:17:51,2014-09-10 23:45:51,-73.996769,40.753037,-73.91038,40.724164,17.5
8f20ef7f9f1b3b5717456e1dc0746fdc,df894c479a3661c00c4abb8f055b257f,2014-07-22 14:48:40,2014-07-22 15:45:40,-73.774167,40.637945,-73.979659,40.70935,33.99
4fc6c54b169879877c3007dd9c237a25,319422d4db63757e2bfe5d805aa16b67,2014-07-22 14:41:10,2014-07-22 15:15:10,-73.781651,40.637604,-73.971761,40.701993,31.11
5905272d154ae211af738600bdc251ef,cfd7a8910c801cafd0cf5fa6ba421bd0,2014-07-22 14:37:38,2014-07-22 15:35:38,-73.778733,40.644012,-73.933644,40.776273,35.48
55d2ee917a8b09124c74008264c09a53,b7ba9a8e3affec4af7b97410c5f07d58,2014-01-26 11:03:30,2014-01-26 11:54:30,-73.827594,40.632294,-73.862608,40.664516,12.27
f80cdc1ac1ca9eba929f4cf51a840b67,d9840e1f87b7af7312befef17ad2146e,2014-06-15 02:07:54,2014-06-15 02:24:54,-74.010655,40.739465,-73.994488,40.75306,8.1
b0a454ddc25f80aba7c56b20d1518d40,8932a01e43e9dd8bab5f0334f4d803fa,2014-07-16 18:57:54,2014-07-16 19:55:54,-73.856528,40.625454,-73.85709,40.627906,4.08
14e6bd99643f6af5d9e92c56e26d9508,541eceefeb0e836f0ec050e47641cf0e,2014-03-06 00:24:42,2014-03-06 00:43:42,-74.004144,40.746217,-73.950021,40.769449,12.09
05c81903612902ae55546f1a768523d8,4212e78322ce9d3b1fe9019fb4074357,2014-06-15 01:54:49,2014-06-15 02:02:49,-74.011227,40.737546,-73.888726,40.72553,20.63
7ccbea85728ffaf17e7a694617d00d08,b029b50a8b0fb62ea4f3df7ac47da444,2014-06-15 02:12:19,2014-06-15 03:10:19,-74.006605,40.742211,-73.839082,40.745745,25.85
24001fb63220e9b425e6b4bc4d19f730,8c83324f1639555ad76943d69b9daa05,2014-11-21 11:49:00,2014-11-21 12:47:00,-74.003988,40.769497,-73.993002,40.749461,8.42
1198534e9e8e7fd4a1f92e2be8b46408,7dec90d1c09f83bc8df041f33692266b,2014-06-15 02:03:06,2014-06-15 02:21:06,-74.009177,40.738521,-73.962198,40.728136,11.51
7d4f34ef0a251f3a6a8df3ce4a098b8c,62e21f8aa9dfba188d7f60a45eba2f82,2014-06-15 02:09:01,2014-06-15 02:55:01,-74.011751,40.73808,-73.986553,40.624524,24.84
40c79a7419177ca4c3eaf9d6e6984391,7b7c8433ba74cbe2c03bc7df88947868,2014-10-12 09:14:50,2014-10-12 10:01:50,-73.963772,40.773658,-73.805875,40.684097,30.31
4e680bf437ca6fe35faf518eb6846db6,364c84c88e57e00757ebd23c6622fab8,2014-07-22 14:52:29,2014-07-22 15:51:29,-73.776863,40.639492,-73.867098,40.630715,16.55
006393de70e19b52411753438542a3a5,501b7fd06339f5e953d8804f86d7b3a7,2014-06-15 02:12:46,2014-06-15 02:49:46,-74.011707,40.740587,-73.941029,40.728611,12.6
13e5d7e7ff68c82cb497bdd590344dd1,f002c4a9de507c247d4e588253cf21cb,2014-07-22 14:41:17,2014-07-22 15:09:17,-73.779768,40.64505,-73.843605,40.745809,23.12
a8462036abe7c788bafd7821caa5b37e,8132fa61867f27b3ffc5b60e497f393c,2014-10-12 09:19:09,2014-10-12 09:52:09,-73.956358,40.772132,-74.006492,40.732943,13.98
009e68cadcb1bcf73cfe32da4d78f5fd,943b11cc94686b977ff96cd8821c4273,2014-10-12 09:09:26,2014-10-12 09:49:26,-73.95669,40.77607,-74.006462,40.741777,14.28
0038ef45118925a510975fd0ccd67192,7b70e913724f27693a9b15f886ebaece,2014-12-21 23:31:06,2014-12-22 00:17:06,-73.97135,40.729006,-74.009821,40.726475,9.63
1d80bfff2c8902916eff4b1f1bfd63d7,0e791d37a6127f8c6bc858bdb41a06b0,2014-06-15 02:00:04,2014-06-15 02:45:04,-74.008617,40.744329,-73.961967,40.79684,14.81
d893510d21b7016c54063000ed7395a2,7723319e691418608afff1e0322f5550,2014-06-30 12:28:09,2014-06-30 13:06:09,-73.918501,40.682942,-73.939108,40.723374,11.16
fdc72fd935c405a2861b166329e1be9d,b2086064cfd2d07a6a0d1b035e585e6e,2014-09-10 23:09:18,2014-09-10 23:28:18,-73.992361,40.750312,-73.948046,40.716797,12.1
5718b866198ef35b5ab0dc3baea26913,ebbfbc3b36930dff82b3782437f03dfc,2014-03-31 09:24:37,2014-03-31 10:04:37,-73.98309,40.751226,-73.913499,40.67865,19.42
0c351fb165ebf15103c8e766ce4cc893,79e7e8af0ff44c43997042fc8d6be92b,2014-04-04 09:50:27,2014-04-04 10:29:27,-73.935618,40.746925,-73.954834,40.715012,9.72
d4ca68ecc21536de406f3d58c7813241,84aae0d360464933360ffb50ad598cca,2014-05-26 01:02:27,2014-05-26 01:06:27,-73.934863,40.72282,-73.96011,40.692796,9.69
b6bbc737a8bfd1d5394a599236b1f04f,fd6964135d66091de418a8271e5d4ab4,2014-07-22 14:45:55,2014-07-22 14:54:55,-73.77579,40.64393,-74.004103,40.716266,37.53
0df6ec6202b4e655eb0aee1ccb6b124a,99c030d81b01925c82472ff2576de5af,2014-10-12 09:22:07,2014-10-12 09:33:07,-73.957889,40.771508,-73.954348,40.7896,6.79
980ca345063305b1b8397fdbf8a989e3,923a53f30229727050a402dfcc9c251c,2014-06-16 06:14:04,2014-06-16 07:13:04,-73.955938,40.765092,-73.896557,40.623376,30.15
bf2c998b6d0513e13867ee1bf28a670f,217245fad8fcf332ea867a21b5e6f77d,2014-09-10 23:13:26,2014-09-10 23:16:26,-73.997198,40.750682,-74.005472,40.705306,11.58
82d4dd80efe889d36b2f86fad6b4e2a6,bcfdf029586ba6b1f6d0f7a825b9b4ee,2014-06-15 02:03:00,2014-06-15 02:28:00,-74.008,40.7408,-73.9712,40.7831,22.5
659ceffd9465017652908172fb1fa1cd,27f17fd775ec9bf0e1abffe2c1206434,2014-07-16 10:15:58,2014-07-16 10:26:58,-73.859095,40.63682,-73.976388,40.732225,26.06
764517082f1b3d920b167d93d07dcd9a,0666e79cd754c0cd7f5d4a03b0209aec,2014-07-18 13:59:30,2014-07-18 14:57:30,-73.952155,40.745777,-73.972226,40.723932,9.38
7a0263c84a6f12811c559398d51c1280,fd2b74cd68aae88b715580c60e95f5fe,2014-06-09 19:40:03,2014-06-09 20:29:03,-73.860951,40.721582,-73.968823,40.65728,23.17
69e4a5937d0d7010bdb7db3f1f3ad781,558c0bb5e714f168d4f38af0c9aa6a63,2014-10-12 09:12:49,2014-10-12 09:46:49,-73.960978,40.773228,-73.943112,40.719641,12.7
946dc7a78e8b037fc1a876fbbddada52,7e040db6d29cc4882f6478cec1744b82,2014-02-11 21:30:38,2014-02-11 22:23:38,-73.97,40.715554,-73.99108,40.776738,15.62
59cbf3062abf18f4524828c02f52f2b8,815a5bdef4c2549a6911b3d5bfaea237,2014-10-12 09:10:17,2014-10-12 10:05:17,-73.962659,40.769428,-73.904747,40.68191,22.28
478af13fa5a6ab4cc1f15b1143878156,db043131faa9d9639f62ec58c8bfd8e7,2014-10-12 09:16:05,2014-10-12 09:43:05,-73.961609,40.773786,-73.873877,40.73654,17.06
218f0d0753180c3d0f39c592a0e93b5d,f3d7075ed069d7e3585bce56c8c87c66,2014-09-13 09:06:58,2014-09-13 09:16:58,-73.966508,40.72502,-73.951183,40.749493,8.57
b71ab5b9a46cc217328dfbac479bc033,a47309484e8e07e5cdb81948104c5384,2014-06-15 02:01:13,2014-06-15 02:35:13,-74.004438,40.739106,-73.984839,40.745483,6.6
4cc2d64902b145d1dbf77bdd048f829d,be31f3a12d278f6e5c2f4c2ff4b4e790,2014-02-05 15:15:34,2014-02-05 15:29:34,-73.975901,40.750742,-73.996867,40.746707,6.32
dc690a6752296597077740aeb91108db,e8f2acefe403ee71c250179cc3ce2c9f,2014-01-09 06:26:02,2014-01-09 07:00:02,-73.979266,40.727797,-73.983101,40.727533,4.2
727e38b9a80d47a91581fd651de37e8c,aa732c982210df47871ed6b7a8720206,2014-05-02 14:59:57,2014-05-02 15:33:57,-73.931283,40.729844,-73.871781,40.684134,16.37
dc6cbe79f677b708b9dbb50ee1837290,299193a3222beb5f039080db00a40778,2014-09-10 23:09:35,2014-09-11 00:02:35,-73.996106,40.752094,-73.947114,40.750834,11.42
0cc4d181ff050ae7238aaa956df1096d,30cff2a8153457769b99109f33e8ae87,2014-06-15 01:57:57,2014-06-15 02:04:57,-74.007294,40.739505,-74.009425,40.758844,8.12
2f7430a075a7a4f9d4da93f3bf4c49e0,c18a3ac8c9a2999a2a270b975c14c559,2014-05-25 12:37:02,2014-05-25 13:16:02,-73.984691,40.782157,-73.924212,40.722412,18.42
a1baf893967686ef92790bbb74311d38,6fdb679a729a7a187769d8c71c406a95,2014-08-12 20:33:58,2014-08-12 20:37:58,-73.828779,40.703677,-73.937069,40.798795,25.41
c5c0ec1a54337149ada745e0c8c1765a,f32a029b1eb4d7ef7415ede0c890f2eb,2014-07-22 14:54:34,2014-07-22 15:50:34,-73.781918,40.637328,-73.856181,40.680191,16.29
e7decd64acdd424077e93498277ce38b,ecbbdf3dfc74b40c90121378c28faf9a,2014-10-12 09:19:34,2014-10-12 09:37:34,-73.963453,40.772539,-73.952735,40.752884,9.08
2f7bd39945104ad73b589167630f1185,4225d59ec5136f9f2788c6c411aab1c2,2014-05-13 07:38:12,2014-05-13 08:29:12,-73.946272,40.702789,-73.990693,40.75925,16.29
7c85cb4609c72add64d1b852b177b29b,788e4f228f2e06e9254e40dd4c486c05,2014-09-10 23:10:47,2014-09-10 23:53:47,-73.993778,40.750143,-73.996121,40.644413,21.39
f3c1838deeec604bef83435252e88ad1,9848585a6cad42ecaee9e7a0d735a89c,2014-10-12 09:10:19,2014-10-12 09:57:19,-73.963822,40.772258,-73.92194,40.669106,23.07
ef0cd2c757cf23906ad9461314905305,c0828fb87a1d6f0810ff53befc302642,2014-06-15 02:12:59,2014-06-15 02:37:59,-74.011451,40.738594,-73.934031,40.775423,15.46
66fac243c1b65a1f4991fb6eb623de3e,4219f37649a346a0c2f5af3b78556975,2014-09-10 23:12:46,2014-09-10 23:32:46,-73.990097,40.751804,-73.996184,40.732357,8.62
a4e61457aa6c9f6b3cb6c956ac917039,ba32df98672e5c34ab598a078739ea0a,2014-06-15 01:55:08,2014-06-15 02:06:08,-74.00618,40.74386,-73.919884,40.667572,21.78
d72df7b12201912bfdbb93081ef04c96,f4dbde5e39d41b5428b49e8cfb3507f0,2014-06-15 02:11:00,2014-06-15 02:46:00,-74.008733,40.739274,-73.889118,40.710637,19.9
dcb6c3c7679c1b07f34e4e9f86a6dd33,c9071ca15d82410fd84feae153c5f712,2014-08-24 06:51:17,2014-08-24 07:36:17,-73.984074,40.712942,-73.930381,40.744175,13.4
56fdbd44615b4c963e2a96826efcfdf7,929ccf62d604372682b39ab82b488a3a,2014-03-19 13:31:57,2014-03-19 14:10:57,-73.836132,40.736726,-73.82211,40.678422,15.63
f9dd0eaceac434fa0be36a77b114a9ed,f958b3920b055ab543a4e4a56f4324ae,2014-09-10 23:16:02,2014-09-10 23:30:02,-73.996744,40.751664,-73.972,40.731633,9.09
6928548f336afb109242037b6cd89727,52ab9892b9d41bae00b615b9705c31c9,2014-11-26 14:56:14,2014-11-26 15:53:14,-73.94318,40.746039,-73.813732,40.691695,23.43
c458ab315624059876c48e6b01e23678,4a776e738cc75d12cafa353d9c46860b,2014-06-15 02:12:26,2014-06-15 02:17:26,-74.010319,40.743991,-73.981706,40.766693,9.82
25db5e33fda6d4160488879c4e37f729,b2ad1add10a7e544e9e43e9eb7fed438,2014-09-10 12:29:46,2014-09-10 12:42:46,-73.993643,40.752325,-73.857105,40.69982,24.34
58a37e07410f83159d53ad5607c4e3a0,a226747036c5c6d9455497b65f742b9a,2014-10-16 14:36:29,2014-10-16 14:40:29,-73.836744,40.644897,-73.838317,40.701281,13.29
2a8f791425541c9a7b0de29786b67f79,dc80a8bd70c64218d39764f8915be0a1,2014-07-22 14:43:28,2014-07-22 15:29:28,-73.774122,40.640783,-73.989369,40.783411,42.71
c86013d0b08d7d2d0a96f64ab3433c19,148ab3d87e660ec4226d1cbdf57a6e04,2014-01-18 13:38:45,2014-01-18 13:45:45,-73.873834,40.738388,-73.912862,40.716291,11.27
a5fcf9f5d02f0aa973fb7e6f2918be80,75e2ad506277bb8fbd31bd15ac5826c3,2014-09-22 03:40:34,2014-09-22 04:16:34,-73.848196,40.666991,-73.95509,40.734894,21.96
8424e0447c0ee1ad020ad111950cc8c5,08bac4cb44a7cec1b899731e797c8d72,2014-09-10 23:11:24,2014-09-10 23:52:24,-73.991243,40.751743,-73.960702,40.798765,14.53
870a915e5f267b987e3eafeada18747b,ff2f54a3a9ec870fbbb76f4b46d22eed,2014-09-10 23:21:44,2014-09-11 00:01:44,-73.990266,40.747486,-73.808762,40.705599,28.17
7f2f99ae37f59f99aea2693fd4074219,4e14a97725ad399c20164628e7d6519c,2014-07-22 14:38:29,2014-07-22 14:51:29,-73.778689,40.639948,-73.918991,40.650141,21.93
4bad9258f80f0557c351a1765b209298,84da8f2b9248e6cb66577a207619fdfc,2014-10-12 09:12:39,2014-10-12 09:44:39,-73.961075,40.773453,-73.95361,40.764817,6.18
44ec6b250b1f2076db62df8b27ff4273,1c48a652887f440a62f41a115e8d082b,2014-06-15 02:12:31,2014-06-15 03:06:31,-74.008702,40.738216,-73.983425,40.773656,12.29
196d2f75cea95fb72ee42175a0ada558,19b9a83ab74a9e41d6ab906de1579531,2014-10-08 02:58:31,2014-10-08 03:44:31,-73.856156,40.675099,-73.94798,40.719972,19.71
6f6db4fe34210f8b7b47c01b136fffc1,31a85191024d556b5e416fdc28e46c79,2014-06-15 01:56:27,2014-06-15 02:14:27,-74.004072,40.742461,-73.936565,40.73639,12.87
cd4f6fcc28f932e66cd09df340fff16f,5060a515fc37a4d60f2b24499743dae8,2014-09-10 23:05:11,2014-09-10 23:34:11,-73.989436,40.750497,-73.939993,40.722093,12.53
16bc0e58586012a6347ff369e5cc993b,327f96dd790a4c6e78fcbab0ff798f57,2014-07-12 18:49:45,2014-07-12 19:39:45,-73.94553,40.750336,-73.829659,40.706802,20.46
cc8b93d23de36b470f34f79ae14dc4d7,6ec8aad26102e4a1c7b00c1832471424,2014-12-26 01:27:44,2014-12-26 02:19:44,-73.949063,40.717533,-73.804396,40.709391,23.66
aae853fd5806236a015cf541d1a0f181,d0caae5a594e8c10507bb19b34b988e2,2014-03-21 15:20:21,2014-03-21 15:56:21,-73.938396,40.71364,-73.969045,40.703157,8.97
ed79b8ffd059cc79529a0737f2cce147,7c4530ca2f14339a7b44c313f386ca48,2014-06-16 18:47:52,2014-06-16 19:11:52,-73.836631,40.749928,-73.866984,40.742329,8.13
3146bdd78d77dea0bb983b230b3044bd,5e24fc09a931ed9f6446538de9db9639,2014-07-22 14:48:55,2014-07-22 15:17:55,-73.779088,40.638494,-73.954931,40.651326,28.3
4a9ded62dd8ea1e1988c55f7141dc1f7,5c4454e0a077b42571c37b1845bf3405,2014-07-22 14:54:52,2014-07-22 15:11:52,-73.776248,40.643826,-73.845492,40.695072,17.72
92484426a957c37631aaa3b0d52a592c,50e45c7c10aa03eb61da729615b32c4a,2014-09-10 23:24:40,2014-09-10 23:29:40,-73.993271,40.750962,-73.974836,40.718985,11.24
4634fa2d4362c3a7f688f56ca65725f3,8d45f992b23d784c6567db9a1b3fd806,2014-07-22 14:49:46,2014-07-22 15:46:46,-73.774794,40.644793,-73.942992,40.741788,33.01
c09cceb21bb7126e68f3d8404815f214,2cf05db34b629642c848f49c3c032c3a,2014-09-10 23:19:54,2014-09-11 00:14:54,-73.989934,40.753653,-73.962413,40.639754,23.33
9ec725a9b0ab97cf728010b81bd9960a,c7d37a4b8bb5a29064834ff8f9ef3466,2014-06-03 12:30:31,2014-06-03 13:17:31,-73.930094,40.772507,-73.993132,40.787828,12.92
e820983ba5416956608e227b0118d6dd,4411c420659b231cfa7bbc5bd6ad9621,2014-09-10 23:09:56,2014-09-10 23:30:56,-73.996389,40.750045,-73.956916,40.702857,14.8
2ad469091bad5e1b0c3e0c7974547410,8c8cb9473f3829fcc145af936b7f12c5,2014-01-26 13:44:31,2014-01-26 14:21:31,-73.960382,40.722647,-73.921618,40.713057,8.59
381cf24e6c3de419ea653b890dfbc4be,dae43da413e9ad1d3fd4a6fe7d208091,2014-02-08 19:15:39,2014-02-08 19:48:39,-73.866313,40.738668,-73.953502,40.783135,18.66
0c3d03822ec2b0daabc565ef330580e9,390e8aad12a7d4296b4e49f0b2e40b21,2014-02-07 15:03:15,2014-02-07 15:48:15,-73.950697,40.733121,-73.947695,40.736138,4.97
8d3b0f7abbcb87465d535951af93c26c,d67376fd2ede6a063767d3142f5661b6,2014-12-24 11:13:16,2014-12-24 11:25:16,-73.822484,40.703704,-73.876363,40.701167,11.17
b9f811cb94e481b4ad51e36c565b7e5a,75ba2a7b4cac66124150b3e4a7b967e2,2014-06-15 01:58:39,2014-06-15 02:56:39,-74.006501,40.740432,-73.874988,40.722418,22.15
2e4d263673e21ca98f433e274fa9277b,f52236aa499606c9205dbaf6763b46c8,2014-06-15 02:01:30,2014-06-15 02:15:30,-74.006433,40.743233,-73.95016,40.626528,26.59
e3fd0a4de92a3b02b63c343fdee99bac,4ae1dff9b97cae45d75aa55942d3d2d4,2014-10-12 09:20:23,2014-10-12 10:07:23,-73.957841,40.775727,-73.843854,40.653454,29.55
52a05493cbdde3c90ad6b0f44f98573a,06f8e8dfae959a8a5fc2dc9c7b1c434c,2014-11-11 04:42:40,2014-11-11 05:13:40,-73.989073,40.653891,-73.95621,40.683116,11.23
275454bac5aec63b0730ffee2e915175,5d07bfbb70248d90a17458796d121d58,2014-07-22 14:36:00,2014-07-22 15:36:00,-73.776996,40.641548,-73.983577,40.71002,33.72
3909e17fc037ef50a0dcba8f75e5e46a,8f2e626b2adf3c86a53beb0dab1326ee,2014-10-12 09:18:57,2014-10-12 09:44:57,-73.95936,40.769267,-73.968546,40.70129,15.74
7ac504272b66f74a37b68f231c47aa93,a9cf88bb214fac262474b122de7a324f,2014-06-15 01:53:50,2014-06-15 02:51:50,-74.007081,40.744093,-73.803995,40.655692,36.04
db60d86664e52cfc1d3d6f990c89b9c2,0a8fd65a17551e8a4f854fac3c18d144,2014-06-15 01:54:49,2014-06-15 02:00:49,-74.010777,40.743689,-73.976227,40.779208,10.78
5144cb0982c5925ea474ee1fb26e6e8f,e96f7463f5b0942a6e73cafa51d593a7,2014-06-22 10:33:50,2014-06-22 10:38:50,-73.957206,40.737933,-73.957168,40.753249,5.72
004593a2c9febc352b58c438f73fb435,42ae24ee8313d0f767f0df51af354869,2014-07-22 14:41:03,2014-07-22 14:44:03,-73.78058,40.638994,-73.949654,40.774688,37.53
95767b613a21b27ca980f7110c4c57b9,a674a0e02f9cb3393691980ddcb0a1ce,2014-07-22 14:37:00,2014-07-22 15:22:00,-73.77783,40.639229,-73.934176,40.776405,35.75
ddbee12ed6d2c9bbec68f307fcc97706,ffa3522c2499c3d5a5a66d2c2c6da197,2014-06-15 02:04:13,2014-06-15 02:27:13,-74.01102,40.738734,-73.980638,40.652229,19.19
2360a9ee176523e93a5dc4ca07a90804,43a3799448e4046ef005113a0914248a,2014-06-15 01:57:13,2014-06-15 02:20:13,-74.004963,40.7395,-73.833615,40.717761,26.37
174b5eb4a5382f210f75748e7b2de576,7f1bfc68591e710039b29aa50f6521a1,2014-09-10 23:18:27,2014-09-10 23:55:27,-73.991638,40.746547,-73.963151,40.775596,11.0
e54070171961258a316e1c60c4b58989,cb7cc874fe1605689efcc5b72569e0fd,2014-02-16 01:19:09,2014-02-16 01:26:09,-73.933248,40.690983,-73.989998,40.767511,20.03
cc1e8720f674dbcb90435cbb7f2d4454,f322d83f605ad0ec459883e783ff9040,2014-07-22 14:48:01,2014-07-22 15:23:01,-73.775858,40.63746,-73.999415,40.74741,38.33
16d60db698b86bb63f8badb387dc79f7,9cb2c4500cfd5a64b056a62083b150e1,2014-06-27 18:52:49,2014-06-27 19:06:49,-73.899554,40.723801,-73.914447,40.655857,17.25
aa18461811e697846e6f664f347fdc34,35d174a734b4b2301a3eba149fd14b34,2014-10-12 09:10:09,2014-10-12 10:05:09,-73.960475,40.770617,-73.959866,40.747325,8.01
e318cbc170d282a527cf4521105f5f7b,5260445cdbb87409dc3dacc878ede007,2014-01-07 10:36:38,2014-01-07 11:36:38,-73.904752,40.654678,-73.981843,40.753089,23.07
4ebb3012ed2247bf858619b3cfd66156,7ea375cbf793a3e2ac59ee664e91a166,2014-03-26 21:26:28,2014-03-26 21:48:28,-73.8129,40.694278,-73.88989,40.668634,14.35
cc2fb4fea7b2817988542cc5607ea6e2,d2e330107d688ef9020eef0db4a331e6,2014-09-16 19:36:41,2014-09-16 19:56:41,-73.942897,40.720684,-74.007812,40.775486,17.98
bb333355414d29d1945b5f8a1f2f6f37,0191a77b6e9f65e50245b8502fe407d4,2014-06-15 02:11:18,2014-06-15 02:28:18,-74.006917,40.741981,-73.939562,40.73822,12.86
eca7db347329ce6438f701db0fb175f2,3a099ea312f60f71221f2c9dc92c5026,2014-09-10 21:58:41,2014-09-10 22:01:41,-73.802303,40.708181,-73.933968,40.714761,21.34
77bcdb68290b5fe0f044a7157e3f69d3,ab1fd44cbb07f4b66201c7acc63dde1c,2014-07-22 14:39:53,2014-07-22 15:09:53,-73.777202,40.638228,-73.950665,40.730929,32.65
c4ce8332dd3f0da63e1dca02b78c2052,d58eae77f44f6f1aea6747f50acd7694,2014-09-10 23:23:41,2014-09-10 23:58:41,-73.990585,40.753291,-73.970668,40.707487,11.93
b33e704cc189e80c9671230c16527bbc,3be649e9ba7531c04e0f5447e93dcb69,2014-03-01 16:30:22,2014-03-01 16:54:22,-73.921873,40.646547,-73.962332,40.689484,12.39
1b5c738c3b64ef6db83678cc715fcadc,a75d6a75687f12c57660dd431a1666c7,2014-09-10 23:08:06,2014-09-10 23:40:06,-73.993104,40.753636,-73.837167,40.680121,29.36
45886cdfd76df25e0aca5e3ed611c68e,bb089df8b280a882a4f5535284e9a210,2014-06-15 02:06:01,2014-06-15 02:26:01,-74.007317,40.738252,-73.905998,40.745977,17.35
72d9d2935aee61f12a5a08d2309f7314,48808c1b8456df75fdc8e06476541c91,2014-09-10 23:15:50,2014-09-10 23:58:50,-73.996477,40.749079,-73.883439,40.693096,23.03
5221bce45f9fd34b709eb0882885b7ab,bb9ef721063ceba8e29ff721be38ac2b,2014-09-27 22:47:57,2014-09-27 23:40:57,-73.912917,40.692528,-74.007976,40.734818,18.35
df54b928d3b09c0d9512b9bde726ab1b,4921f1490b4424a4a531cb90b19cf299,2014-09-11 11:36:16,2014-09-11 12:20:16,-73.839332,40.641427,-73.961054,40.704064,22.54
99da2abe5b2366c3236217868b0a6e77,ebeb710e222aa762d9113bb78bf4aa32,2014-06-15 02:05:21,2014-06-15 02:51:21,-74.008455,40.737453,-73.911591,40.683136,19.46
8ad1ba68758c25db8b45c954a3266d7c,e5e2d5097e828318a99beffb2f8ec2ac,2014-09-10 23:20:32,2014-09-10 23:47:32,-73.993205,40.746933,-73.970084,40.690191,14.51
2fbf1436acece444a48928c7f3925160,e16c486b843687bd0b8d4fe7d02a6b9b,2014-09-10 23:17:15,2014-09-10 23:23:15,-73.990171,40.75202,-73.90966,40.727886,16.14
cf9c25fa99742228ce354fcd3b1d8919,b23ddddb403b9102ad5b5693929f7bc5,2014-02-27 14:34:29,2014-02-27 15:34:29,-73.908122,40.684475,-73.995911,40.78156,24.75
4860b3332f37267f97fc2344734bf534,5facc44e6f0a3b41c73a3193eda43f18,2014-06-15 01:59:29,2014-06-15 02:51:29,-74.010168,40.743008,-73.977907,40.780505,10.9
78d4729990e5c2f386a67dee0d6d281e,23de141c4b9b46cf9af09cc2f0928d5f,2014-03-06 19:57:10,2014-03-06 20:04:10,-73.981651,40.790426,-73.888612,40.672301,28.54
8e86354ad943a347c1f9a3e3a24d4552,268d5edffb77fb8a8b2eacb869a56685,2014-10-12 09:15:11,2014-10-12 09:53:11,-73.960922,40.775061,-73.961634,40.718579,14.2
cd694cf2f1af4a1e9b12a1f1bc74a9d2,64917bbe9257d6190dbfdff0c3304c12,2014-06-15 02:07:10,2014-06-15 02:15:10,-74.008987,40.739277,-73.865977,40.725714,23.94
b2a57c091c1a0b011af0d0c252471afe,364bfbfce7afafd1c141a9210cf3eecc,2014-10-12 09:07:47,2014-10-12 09:45:47,-73.963802,40.769435,-74.002602,40.744597,9.78
74da41eda745ed72cec41c9c4bf3e696,ee04102d1835b443b4087a5b5a593990,2014-06-04 13:02:43,2014-06-04 13:55:43,-73.939707,40.640403,-73.948207,40.723001,17.93
377f3095a2038ff25fcc1f1ded514ace,98ea3c8ea1fac33629f7b7c5ab906647,2014-10-12 09:11:47,2014-10-12 09:35:47,-73.963657,40.774802,-73.957692,40.721168,13.61
f8b6f23234e9a030e3fef11487a155a8,aba2e5007e03a8c6d1beeccd07977c72,2014-09-10 23:14:38,2014-09-10 23:56:38,-73.990215,40.749023,-73.803121,40.683805,32.25
ff6eeb5b45b74cc1effe7e8d1b791aad,91173757380d2f5e312a716962731d28,2014-10-12 09:11:37,2014-10-12 09:59:37,-73.956832,40.770864,-73.951716,40.779958,7.01
3deaffeee06761d818a955ba7d270db3,5a02782f89f18a1b40cb66bc70d2d63f,2014-06-15 02:08:46,2014-06-15 02:48:46,-74.010606,40.73939,-73.976323,40.712676,9.72
15a9e27664231f9246fe73130f06334b,6a161bf7981d1b330c77f9f2322692d5,2014-07-22 14:45:45,2014-07-22 14:58:45,-73.777575,40.643546,-73.977358,40.691464,30.74
6f73e49d60a523cd3d5d2fd39aa6b40a,092a3b96afc64d73e62b60d148f371b2,2014-01-10 09:57:41,2014-01-10 10:40:41,-73.998755,40.703324,-73.948049,40.700524,11.08
27e24b7eb4708b434089fb1ef58010bd,151313cc5eab8dfc468b61a8cff200e6,2014-09-10 23:09:38,2014-09-10 23:55:38,-73.996764,40.746709,-73.830772,40.637431,32.96
c3df175374ea2e41afc6f145b287e9d4,ca8185bf1634cbf75e140457f1710778,2014-09-10 23:20:47,2014-09-10 23:58:47,-73.991128,40.749365,-73.808602,40.688301,30.42
9988c74b60fb094a55ed68aff63fb782,b1f7ca8e3322deb0ce715275d8f4374b,2014-09-10 23:12:04,2014-09-11 00:12:04,-73.995938,40.75109,-73.994027,40.7499,5.16
c49b9cb24f9a20fd27a77f2665cbf16e,b179891a7cc6ca553b102fbfd703ceb7,2014-11-04 06:33:10,2014-11-04 06:45:10,-73.93846,40.704865,-73.956884,40.735577,10.88
3573e6adfced9fb7670b920862c87b5d,a87c1747b7185cb691bf5e57086a2ae9,2014-10-12 09:06:57,2014-10-12 09:56:57,-73.9624,40.771801,-73.963193,40.707353,14.27
22ce011e0d650880cfa4f687a16ef3e3,d7cbb19fc4a3c850727940af9a288e1d,2014-06-15 02:08:31,2014-06-15 02:26:31,-74.011618,40.739209,-73.875438,40.703064,22.05
ef982bab1c7c5d928d5f51143a861d27,dc162dd9f10074c7bc4ff4ea9b5e039f,2014-07-22 14:44:53,2014-07-22 15:30:53,-73.776419,40.641234,-73.983466,40.683531,31.17
cc60b033d1303a76b271172a78b6dee4,4a57ac87edc544834312dcd0ea9b0309,2014-07-22 14:48:21,2014-07-22 15:20:21,-73.778857,40.639754,-73.872258,40.709738,22.55
17fb52940d12b7bc262e2028f01c9c3c,fe4de9e3ca8e6c556546634abc5d875c,2014-06-15 02:03:18,2014-06-15 02:21:18,-74.00967,40.742548,-73.990755,40.761481,8.14
d101f55b0a95573a1ef5eb6b9f05b157,109162db78733f0e1639f5add0544389,2014-10-12 09:17:33,2014-10-12 09:50:33,-73.957454,40.776294,-73.884947,40.686628,23.28
77a9ba0476df1c663c8771b3d2471dd9,b7892ed2c1d59087146d75bc9a9c605e,2014-01-04 10:36:57,2014-01-04 10:45:57,-73.894181,40.645681,-73.917856,40.736806,21.33
603c1496e8a0beb24970b807367723ae,9fb4d054bff2a937be4dbdd0ffa23d4d,2014-10-12 09:21:09,2014-10-12 09:45:09,-73.957029,40.776234,-74.003742,40.721107,16.77
ba8b4be4bf884f1a3464f8bf0fdc7e44,8c9f343bf5910f39ae4b6385af75b667,2014-10-12 09:24:30,2014-10-12 10:01:30,-73.956637,40.770912,-73.846296,40.741039,20.7
b76308c0fc5d776da2effc4bc67e421f,5e45696cb82af374845070a8b8166b3f,2014-07-22 14:43:15,2014-07-22 15:12:15,-73.781027,40.641758,-73.983579,40.7255,33.42
1a88cbb5499145957debaa289160474b,a849bbacfea83cc54e0acb26dc79d67a,2014-06-15 01:59:30,2014-06-15 02:40:30,-74.00837,40.741044,-73.859644,40.632893,32.12
732eaa8206e9dcbdc6f8586b83b63da4,4960bf7f2e90877bd4f8d5099da90d2f,2014-06-15 01:56:38,2014-06-15 02:07:38,-74.00579,40.737305,-73.959682,40.624808,25.33
351f5ff3c89025a0bf48a4165a91ef73,a1fa67561cd594d9e8b99b46dc838e33,2014-08-26 02:56:54,2014-08-26 03:38:54,-73.996636,40.750731,-73.993569,40.711806,10.64
cfdd5aedc5e217ee9ee80f3f8a11eedb,1c735c6a5277b2ee4d76121e24a3ce5e,2014-06-24 13:44:00,2014-06-24 14:11:00,-73.970712,40.719572,-73.99196,40.767885,13.65
c5c9f9a5068a40ce82938079af38f8a3,f4815f03558b6ad11ebaea39ae5d959a,2014-07-22 14:41:31,2014-07-22 15:13:31,-73.776734,40.638212,-73.872178,40.688603,19.73
197b708f38b06a2097209f38138f41aa,0b920e68343d8ee279e3ac09622e5684,2014-07-13 00:42:03,2014-07-13 01:31:03,-73.857084,40.719151,-73.884424,40.678795,10.9
12c5e35ce5a2ac702b7e936671b74290,8cb99d2907216b7be5b500011249d81e,2014-09-10 23:21:10,2014-09-10 23:48:10,-73.996953,40.747128,-73.836572,40.665231,29.36
554389035d554151a222468199443c39,2dda4335718e2e885866d9dbd4f3382b,2014-09-10 23:24:51,2014-09-10 23:40:51,-73.993725,40.752297,-73.935413,40.700411,16.49
106657c0a0c93e9053642cec2b85ec09,eee8d77ef3d082c72755eace3498e7dd,2014-10-12 09:23:20,2014-10-12 09:47:20,-73.956941,40.77481,-73.986927,40.683376,19.56
3540a507dfbccdaeed99e7559b8f41fc,24686bf15206dcea68a0d47485e9249f,2014-06-15 02:12:40,2014-06-15 03:05:40,-74.007738,40.737129,-73.870491,40.628964,28.96
96220f48ed209baccfbfbe3309712916,4068c27a3dc0bd994ef6a877700a6f7a,2014-09-10 23:12:37,2014-09-10 23:15:37,-73.991255,40.747476,-73.932002,40.73848,11.53
633bdbf554e804cc98365b6361c5d93d,ba06d54705c6b2d1f3cdfbd01258600d,2014-02-14 13:54:21,2014-02-14 14:54:21,-73.992419,40.732754,-73.934812,40.772774,13.9
66603cf9c913afbaf8754285406dbf08,15021361c85275494a0ac6819984e2e4,2014-09-06 11:22:16,2014-09-06 11:26:16,-73.957251,40.785627,-73.900434,40.638412,30.11
f8ccc1589fd8bbca634334c3de64ef36,f75ffb6085066b717e79603bc5ec8a61,2014-09-04 08:09:22,2014-09-04 08:50:22,-73.988497,40.722064,-73.838453,40.695616,25.05
c4f3b3d0e8d6bff52caa1ba4c08a75e3,ea197d7c6aa953dd0408f612500c4ccf,2014-10-12 09:23:03,2014-10-12 09:29:03,-73.96357,40.769347,-73.859064,40.670949,27.05
478e7c31753d38896a9cac38703f7f1d,c3cdfad0963071e3b4fbb6e7f697f322,2014-11-18 15:15:06,2014-11-18 15:52:06,-73.964837,40.634739,-73.964621,40.67569,11.56
9ba84250355ab3fc031c9252d395bf8a,77552e5aa66d9cafb5592f6cee2477dc,2014-08-16 10:54:32,2014-08-16 11:45:32,-73.823672,40.632775,-73.841997,40.626641,5.81
fdc0ca1114f1f67cb383baac59a985e1,57929ba0e7f58a6bd2b4bbb7df90f7b2,2014-06-15 01:54:21,2014-06-15 02:12:21,-74.006974,40.742664,-73.92954,40.637343,24.67
90285a57fd60d7bc49fce4d1d545f612,307bff98270a9b3131a784bf18c4f7c0,2014-09-10 23:15:24,2014-09-11 00:00:24,-73.99722,40.752464,-73.958031,40.703051,13.46
6bfe710cf4ed77595cba6d9f2fd8139f,4f28072ed0cd6ad2f3106c5f89b3dee7,2014-06-15 01:54:34,2014-06-15 02:09:34,-74.007593,40.74188,-73.960846,40.762502,10.31
ddecc6717f6dd1922b324bae2886063f,570e146d063102ee8809bd7ca452c246,2014-06-15 02:01:28,2014-06-15 02:21:28,-74.009332,40.737153,-73.989044,40.763711,10.15
0d258992da19000ff1886e6b615a2ade,30c56a0498b213019b7fa3d6bae3236c,2014-09-04 01:07:50,2014-09-04 01:38:50,-73.937709,40.729875,-73.959503,40.765967,11.99
f6155b212a4c9150e23d382a1e496dd7,f8188887d8f0091ba92534a09d1fa680,2014-07-22 14:54:21,2014-07-22 15:49:21,-73.779952,40.638995,-73.884413,40.663908,18.77
006393de70e19b52411753438542a3a5,f822be78fe8597b0aa6cc635e1f7e30e,2014-07-22 14:53:37,2014-07-22 15:50:37,-73.775675,40.637583,-73.950347,40.649187,28.27
81a449e0c53153e1e0ceb68b87891102,0e3cdc2838fbb9c14e779d0cd650ed80,2014-07-22 14:45:19,2014-07-22 15:11:19,-73.777978,40.643868,-73.953234,40.706562,29.39
294a25798e03f2bae466144eb2248201,7eb9ae3f5ef06ed165b1966135faf1c7,2014-09-10 23:20:22,2014-09-10 23:51:22,-73.995954,40.74881,-74.009717,40.796043,13.27
ea1e031ef04f50863a8e506cede22d1f,e3062bc80d5cc1b362872d51acc5fa22,2014-07-22 14:44:33,2014-07-22 15:16:33,-73.777254,40.643282,-73.817441,40.711252,17.76
cf66a56753d07eb9282cfc02824ec642,19b124905349f5ec40708aebb902fc7e,2014-09-10 23:18:25,2014-09-10 23:42:25,-73.996966,40.749407,-73.983442,40.784432,11.22
7dc94d55f3452bcd3edfd35f1ba02197,f7b598251364f1f645644300e0243dca,2014-07-22 14:37:05,2014-07-22 15:06:05,-73.781413,40.644664,-73.982555,40.734833,35.57
0b83e7e9983a33d5b25c433ed6b43453,36c5129186f53a6eb70bdf5c1ddda7b7,2014-07-22 14:44:47,2014-07-22 14:55:47,-73.775364,40.638797,-73.933853,40.786552,37.11
a9907052c8bbded5079252efe6177ecf,44fc86c7e1777b003fa148a3a2b9b9ed,2014-03-11 17:47:21,2014-03-11 18:47:21,-73.868184,40.670006,-73.980893,40.710808,21.1
c38cf9e7a6095107a744d8cc8dc8eff6,31b1630d8c801474be2edd486807f5e1,2014-07-22 14:44:55,2014-07-22 15:09:55,-73.775836,40.641484,-73.974614,40.641705,31.01
48a790e1e486b42a9c2e60fcd0f3af34,ead763b059e023cae91cf85ecfe95bc4,2014-09-10 23:19:29,2014-09-10 23:34:29,-73.995981,40.748853,-73.996096,40.718698,9.49
8d1fb623800f7e4e5ba35e7a679a7ebd,1cc4fc22a862f44bf47aca78d5ebde4c,2014-06-13 18:52:21,2014-06-13 19:06:21,-73.943261,40.768234,-73.983472,40.68044,20.77
4945d90ef633b4e63019bc2cd89daeb8,9e592db4fa72bb716c86eebbc47869fe,2014-06-15 02:11:56,2014-06-15 02:55:56,-74.008013,40.743457,-73.945315,40.686153,17.95
8fc3324034332fd49c2b7ff789ace36c,ff65fd0a79bc1e4a8d55f4fd590281ee,2014-09-10 23:20:40,2014-09-10 23:53:40,-73.992927,40.74793,-73.938669,40.652991,21.73
c8e0cb79edcd9626c7452c228b3f0ca4,54e433e8df532a740f8f17e4c290e287,2014-10-12 09:15:03,2014-10-12 10:06:03,-73.962667,40.773839,-73.912802,40.667233,23.78
7d1e92a7a1b4fdd8a4ad26f2d0ac6e35,e1cc11a37b0db8cd8f82f60271964da6,2014-06-15 02:01:36,2014-06-15 02:56:36,-74.00965,40.738244,-73.957126,40.708007,12.4
9f50249da06b6cbd03bf90cf99bf8622,ab98d1cf6e4286c06ddd524dd3308118,2014-06-15 02:04:54,2014-06-15 02:55:54,-74.007099,40.743931,-73.890426,40.727974,20.76
343a5470dee990c21d0d15d224bc75e2,3fca8d2b4289a421406415323f1a28ba,2014-01-31 07:41:24,2014-01-31 08:07:24,-73.883139,40.733362,-73.800698,40.70274,16.74
0998acc7b06328f33583fb176040bbb1,a30b59adfa3943b419658009c97c4fcb,2014-10-12 09:14:50,2014-10-12 09:46:50,-73.958703,40.770115,-73.891512,40.685623,22.06
3fa456a624bf55bd41c041f19730442d,72b182a2ebe68b0fd23e8f0b2060a2dc,2014-06-15 02:07:50,2014-06-15 02:19:50,-74.007161,40.738979,-73.873152,40.646468,27.4
abc267ed62cbec7f3702aa684702e924,773ab5c99460b13bd11a2a1ec7567efc,2014-11-25 18:56:10,2014-11-25 19:46:10,-73.968164,40.744663,-73.946218,40.724469,7.98
1a42a42956ae57424d4c2f9ae2e046e8,b72822e8349505f829d9e8d5c31cbc0f,2014-07-22 14:37:47,2014-07-22 15:14:47,-73.774765,40.641207,-73.942875,40.752394,32.4
be403d8e2e001ab97d7149cf937c4043,503ccb019f605dc2b68e11bad6ae0966,2014-09-10 23:13:22,2014-09-10 23:54:22,-73.991301,40.753827,-73.931428,40.671723,19.94
cc41c73a3a412257b021eda7647b7aee,c222fb79910d04800e5d6200e7512fcf,2014-07-22 14:51:54,2014-07-22 15:33:54,-73.776711,40.63868,-73.881966,40.739429,26.88
99cb5768b86773323e658d7182a56d34,bd7240c4fdfce2d9b86b3165f436a68c,2014-07-22 14:45:00,2014-07-22 15:38:00,-73.7781,40.6413,-73.9855,40.758,62.0
738656c4b0cbf1f197177e78119eeb55,7282160f01e0dc59b15f22809f89814d,2014-07-03 07:11:16,2014-07-03 08:08:16,-73.933256,40.638848,-73.850957,40.666011,15.89
7dc35ab155502a9a6ae9356ef7ca4cc1,3234ea69d7084f8bd79a5c228d61c782,2014-07-22 14:43:44,2014-07-22 15:39:44,-73.777259,40.637908,-73.934725,40.74596,32.4
1e7098e0b2d31b025972ede3f2cee624,2ad45396725201da57e45c90f78e5934,2014-07-22 14:44:41,2014-07-22 15:02:41,-73.779712,40.639532,-73.85902,40.720253,22.11
c2fe7c1b22e15cea1b5da8fc6cd17c66,746e9794ba803b5a6ea5a6ebb736597a,2014-10-12 09:05:57,2014-10-12 09:12:57,-73.959893,40.775838,-73.907069,40.673693,23.75
50e481db226dee8e06ce7241f487e4a6,6594d49a48b05b3f30259229e8891be9,2014-08-24 22:00:08,2014-08-24 22:09:08,-73.94985,40.7318,-73.945513,40.718067,7.13
b8f70597ffdaddf57c766e767aceceac,b8c7f0b66d2d43a9bf07eb6db4028c13,2014-09-10 23:11:47,2014-09-10 23:21:47,-73.989746,40.752924,-73.806789,40.710245,29.47
c4a1064e342f6ff99b3107e20ed566fb,70f29f575a4ef8e8de3c3d8cf0a369ff,2014-03-21 01:27:39,2014-03-21 01:52:39,-73.981151,40.715405,-73.859906,40.685421,20.89
6454c60d38d768346785f94f4f8c407c,cdfbd69ee6896dfa91c77fe4e9581de4,2014-01-21 17:07:15,2014-01-21 17:34:15,-73.886992,40.656265,-73.943178,40.741398,20.13
8fbfbda6dfc78ee7028487f27ccb5474,b5b41f1d6fc01120d506d439cde74eda,2014-07-22 14:36:58,2014-07-22 14:53:58,-73.77795,40.641385,-73.978709,40.744578,36.7
61bc6ff981d7b74a5a789fef35291b11,de6651f4f025a71b064fd1a59481b206,2014-11-13 18:10:11,2014-11-13 18:33:11,-73.813135,40.701208,-73.97577,40.739506,25.88
8e312fd341b01fd1d62ef7514d4c84f7,a2ee9fa10cf89b2dff0fd637571e9976,2014-09-14 03:38:13,2014-09-14 04:14:13,-73.968517,40.705745,-73.828059,40.642337,25.44
f5eaa92b6204394a4dcff12931c0b111,693793906091ee2713ca888bfcfd070c,2014-10-12 09:23:31,2014-10-12 10:02:31,-73.956174,40.771436,-73.977367,40.711635,14.9
ce80731e7a6c3b5740b15ccf5ac2edfa,33ceb00c3ee3f83c408905e2204baa69,2014-10-12 09:19:45,2014-10-12 10:15:45,-73.958575,40.769046,-73.955664,40.738263,8.71
71142b70d19f1f3a63cb54d0287ab070,b03f5020d0638366adb427e389c0ab01,2014-11-19 14:56:04,2014-11-19 15:36:04,-73.930174,40.738109,-74.003815,40.707844,16.31
3d40216be1d19480cd1da4ecb76e00e8,5a0693b9f7693c7a485739ed1a2d38ec,2014-08-09 03:53:56,2014-08-09 04:36:56,-73.971475,40.724614,-73.966229,40.787046,16.23
cba5d3bbb139d794bbaac0aafb0846af,e82f2f33fc6c14d917cbf5074e6aa875,2014-08-12 20:38:27,2014-08-12 21:09:27,-73.971506,40.786243,-73.928084,40.743632,13.24
92713d5be7425417c3420cc6642f6382,d907e53dffb72b360a9555744e7e18a0,2014-10-12 09:13:26,2014-10-12 09:36:26,-73.961857,40.772926,-73.976612,40.735588,11.29
374b8b9a01b2b9f70ab6405048942125,f37cc26cbc3f951b012c2d818d3b8808,2014-07-22 14:52:55,2014-07-22 15:03:55,-73.777383,40.64332,-73.914122,40.6657,23.31
014bcbe5ccc23ec8721b6f2fb11070d0,5d7f55f516cf1c7c13e6ec2c0df71885,2014-06-05 15:16:10,2014-06-05 15:27:10,-73.899098,40.629949,-73.951389,40.770349,28.25
a783f61733605fa7baeb0d908c2e1ea6,2eedbc2eb61898e1bb9a1846a7a2094b,2014-11-05 06:02:20,2014-11-05 06:20:20,-73.992783,40.757334,-73.945043,40.741612,11.53
adb7687eb809f9e82e2c9ff914d0c70e,e75970c22de0d94c1df73e1c01b7ae06,2014-03-22 23:47:55,2014-03-23 00:35:55,-73.988954,40.741816,-73.963288,40.738029,8.02
a4d18c4b8e6d10c6feab86a295a6c77a,61d99bbb09fb36461081b1bbe488593d,2014-09-10 23:08:33,2014-09-10 23:27:33,-73.9928,40.750965,-73.977389,40.791099,11.35
d771afd5a04a880624c5e6e177978e21,6c873058a540a851d6de1d64bbc362eb,2014-07-22 14:42:50,2014-07-22 15:26:50,-73.774917,40.637737,-74.000981,40.749489,39.59
f963df46495863ae8f5db61b3b26d778,c4c945e96a5c632e0355bedbddc0e835,2014-06-15 02:02:10,2014-06-15 02:21:10,-74.00604,40.737917,-73.914313,40.717112,16.99
d629a960f38a79db5bdafa2152e36294,806e82667d32396c647b504ee136598a,2014-06-15 02:06:02,2014-06-15 02:43:02,-74.004248,40.743488,-73.971149,40.716631,9.88
75fd8cca32e2288e49e5452ebf135bed,4b67532a57fc7c7cab0a66fcbc76c15b,2014-04-05 10:12:31,2014-04-05 10:25:31,-73.881412,40.742394,-73.810658,40.743766,14.22
7f3ae0d21d3846759ca20faad7bc5f5b,4e46338f8c7258c04e832f949a03065f,2014-10-14 22:15:11,2014-10-14 22:54:11,-73.950322,40.758816,-73.935315,40.712743,13.34
b716a4d8a709e8944f68412f10b1cfbf,3c5dcc12e9c086815d7f9bc8fd0f893a,2014-06-15 02:06:24,2014-06-15 02:53:24,-74.006816,40.744293,-73.990415,40.753414,6.82
fb0e9c6498122e383a2d4e2d13a5d3ff,2fe9467e5f8d7ae85d2cf8bd8baa3962,2014-07-22 14:36:00,2014-07-22 15:31:00,-73.781784,40.638698,-73.864647,40.666828,15.96
0314315b509545bc2e51e472c5da0423,1d1e0a0afdc3b0a1de0faefb4f6d6e12,2014-11-02 12:54:29,2014-11-02 13:14:29,-73.873932,40.636539,-73.87641,40.639097,3.67
c11d428d9d5358d0f72e3500c401a18f,e16a1f0ddd8d2032d3187ce627d229d7,2014-09-10 23:10:15,2014-09-10 23:38:15,-73.991209,40.750515,-73.971526,40.776203,8.63
0c4cef33f6f0d06e62988c22b6f53983,bfef82dc86e43128a2962f60fd1538ad,2014-06-15 01:58:56,2014-06-15 02:04:56,-74.007662,40.741433,-73.883164,40.627431,29.83
fc9e84769f46197bbf80909505d74350,2b0f206835ebbb6a200b2431947db062,2014-09-10 23:16:12,2014-09-10 23:59:12,-73.992275,40.748199,-73.986433,40.653074,20.2
cc2e9e385557c784566b04f289bc711b,d8fb7f8324b8e7160e2e6c36bfb43480,2014-06-28 03:52:01,2014-06-28 03:55:01,-73.821726,40.71232,-73.828609,40.720688,6.96
9ae3aa007bf8e0f8d1624e41cb5c3865,ef0278cde7b0bac8ade02a13e0bc6a95,2014-10-02 20:44:44,2014-10-02 21:33:44,-73.940727,40.730822,-73.976179,40.654907,17.47
8a464b9101cbc47dc51ad6a74408e0ab,7f99e7e8b59c70e3489acfae23a07ddc,2014-04-19 21:07:28,2014-04-19 21:24:28,-73.86588,40.743696,-73.815453,40.706512,13.79
216bd79d06417f5368d81bb6f719604b,fc37319888ebd82c58d6a53f9edcb531,2014-08-03 03:28:29,2014-08-03 03:49:29,-73.966686,40.731886,-73.930673,40.633569,21.65
40d3dbc22110395f244e5148c68b583a,949c7c312d2104a5dd541f3577655cba,2014-10-12 09:05:48,2014-10-12 09:28:48,-73.960922,40.77245,-73.937599,40.698051,18.65
d03f11642eae686fed29d010b8d5d6c3,0f2eef0742e86b3363152184c0f43e10,2014-10-12 09:22:13,2014-10-12 10:20:13,-73.960546,40.768749,-73.857645,40.701278,21.83
b206934cd3dc8bbfdcaaa68c144ff2c7,f41223745630972e282fc0fa7c460567,2014-09-10 23:11:36,2014-09-10 23:21:36,-73.993569,40.750352,-73.958219,40.759079,8.89
67ef3d0c8008254cf1fb4d36d1640e8d,655c6f242712c9a784e58b80af9ccc1b,2014-10-12 09:10:48,2014-10-12 09:40:48,-73.957588,40.769133,-73.974442,40.639319,27.79
122df3c3950c4c37c86516fc670d6a97,06287e0ff2441cc197c53d9cb8553c0d,2014-01-04 07:32:29,2014-01-04 08:24:29,-73.843374,40.7269,-73.918848,40.672495,18.09
77aabf3a899df44d66fb2566645e4ce4,103cfaaaa224cb895aadc5562678e6ee,2014-07-22 14:51:51,2014-07-22 15:08:51,-73.780892,40.637844,-73.980144,40.750573,37.1
4c15bed5d5c038178245ff7713794699,f919f66b5228f80acc49cf6ae545a05c,2014-06-13 03:12:25,2014-06-13 03:19:25,-73.942256,40.711447,-73.84733,40.629475,23.36
25b3cbabf24790d982417e215cb66829,24927b8e0e8f351bcc3513c652d24604,2014-09-10 23:20:42,2014-09-11 00:08:42,-73.993911,40.752419,-73.853405,40.63746,32.27
32c1b02a9dd0d96979dbcb18bd6fc847,da60df03de7cf92409e230d9dce625ce,2014-09-13 20:54:34,2014-09-13 21:50:34,-73.914856,40.649314,-73.847432,40.717841,19.5
77d9307463817b2441a5fdcbc87c0569,f654abcd6429c8be6d3694004ad32919,2014-03-29 07:31:07,2014-03-29 07:35:07,-73.942434,40.628284,-73.943842,40.771203,29.16
b8a0633724167c2fd536b70ac2171b54,630b3896f1f3f085b8ad8b286121920d,2014-12-27 05:37:26,2014-12-27 06:10:26,-73.850013,40.64259,-73.890883,40.704181,15.17
4d0a5b1bd7c0b459d49ca9a2b9adcf24,6c3aa1dd6d4844d79cdfc1e26927e9e7,2014-10-12 09:07:59,2014-10-12 09:44:59,-73.959075,40.770832,-73.863697,40.645437,28.79
d75cb9a164d58213dd64359d98a30bd2,b300fa32308ccd13fcd7868b99c4e653,2014-10-12 09:10:15,2014-10-12 09:46:15,-73.963905,40.775462,-73.936862,40.669661,22.94
2c039dbc7620d5d85a059bac5add2afa,0e9bd25d089fa39232af0f1dcbbb1f37,2014-07-22 14:45:13,2014-07-22 15:30:13,-73.775385,40.645032,-73.978379,40.658802,29.87
82ae19ca93e2a7cb40531d414b56c389,ed2e5ff0dffc29468faa19ef54d36e62,2014-09-21 18:37:48,2014-09-21 19:28:48,-73.963347,40.796954,-73.950498,40.68348,22.95
6921611cd6a55cf2e59371f807a9f28b,35a4bf47cb4b160a874d9cf4f9726486,2014-09-10 23:10:48,2014-09-10 23:25:48,-73.997208,40.746513,-73.993414,40.773747,9.27
452f061aad224c77ed6bace5027b62e4,245103e029a065df04e33700407c662f,2014-02-22 04:03:56,2014-02-22 04:18:56,-73.977952,40.68534,-73.992994,40.756709,15.99
5ca47e9f50e4ff0684ad04bd08dae8ea,5d82020a561e1b53dba9fd981a550de9,2014-07-20 12:16:19,2014-07-20 13:05:19,-73.932196,40.722096,-73.828809,40.666841,20.64
ccdf61f1bd8b699a9af9719b63331624,592c4d3beaafaa00db99560559b4f4db,2014-06-15 01:55:31,2014-06-15 02:35:31,-74.011197,40.739456,-73.817912,40.632963,34.33
60e1bcbe0fc7d9e37e3b4a3af604e403,34240efebdfe544473010649c518a13c,2014-07-26 00:26:16,2014-07-26 00:50:16,-73.956618,40.715022,-73.836487,40.659203,22.33
4386d15ea9caee4c29ce80ed09a2711b,de37fb28445978828c9287de3cd7ed1a,2014-07-22 14:49:14,2014-07-22 15:32:14,-73.778983,40.638534,-73.998961,40.633852,32.62
2f0584419fe5c09d49c4af502cf085eb,7948e7bd90421d9f76ca94f9b5026ab0,2014-03-14 22:51:24,2014-03-14 23:21:24,-73.829411,40.677029,-73.998884,40.70301,27.83
9eaa6a110d48fe64601f7853b7a8cdcd,c886f5a2cb73c3ed6bd35165ae701a45,2014-10-02 00:50:01,2014-10-02 01:46:01,-73.878629,40.7249,-74.006401,40.74018,22.09
ea05309c30f375695f44c96108acb10f,4e440612a53238603a46f044b4c175d7,2014-02-24 07:38:23,2014-02-24 08:28:23,-73.976483,40.621204,-73.856011,40.749447,32.4
917242f2edb1396384c3ca79e47400f0,76a1d21cb4aad1d64ca917a73d1bd942,2014-12-13 16:43:21,2014-12-13 17:03:21,-73.95118,40.709569,-73.833016,40.727324,20.6
0fe34002f6e240ebae51520def0d2259,fd6442f790d15212573c3321d4257185,2014-06-15 02:11:02,2014-06-15 02:55:02,-74.008815,40.739669,-73.934079,40.796821,18.95
eb8ddd4d1be8e38c0a74432d86cb3a7e,e8d0366d48c40609c083b0d6d8b19bf0,2014-12-05 19:45:13,2014-12-05 20:43:13,-73.963972,40.707478,-73.813638,40.730915,24.34
3afbd1a8787b3abf4fe5905459d25a7a,708602409cd099a9f5619dfeb232df2e,2014-10-12 09:23:17,2014-10-12 09:52:17,-73.960303,40.769899,-73.943417,40.719926,12.63
7328fdee194cda0e5e27b3dcbba635dd,4c796f9169f46b0a65195b147f7343b7,2014-06-12 08:47:20,2014-06-12 09:24:20,-73.957264,40.76071,-73.984645,40.752034,7.37
5ab7500c3ef63dd66f9e3245b05c5845,693159c5441d2559a32e95f2e1e47415,2014-07-22 14:54:14,2014-07-22 15:15:14,-73.782026,40.644314,-73.983197,40.792845,40.9
031d934d9488ef3096645d5a1b19a1b8,e2f07892ebc328e22c1ff2d9c0aeb98c,2014-10-12 09:18:20,2014-10-12 09:46:20,-73.959909,40.7764,-74.001357,40.7768,9.05
79fac2c3438d65c9eaeb6fbe6f907f81,7d08eca902db548e2c336bb5d6bd2986,2014-06-15 01:53:21,2014-06-15 02:15:21,-74.010286,40.738242,-73.800005,40.644961,35.3
576e996276f4e42499c3ae3aa8c0a3b4,733e4e376bad1a7e1efda01b69db7567,2014-08-13 00:30:18,2014-08-13 00:33:18,-73.820669,40.622105,-73.826448,40.685271,15.69
7345603e94164fe00a7a4f0c1348adba,8517b0c3024ac2369e40a05dee2799f8,2014-10-12 09:23:57,2014-10-12 10:01:57,-73.958987,40.773677,-73.994139,40.797413,10.91
a7c76ff488e0bccabeabc173fb8fb5db,71c644a83223fbfc576b1c8af4e3c0d2,2014-06-15 02:09:56,2014-06-15 02:39:56,-74.008078,40.742289,-73.983842,40.629554,24.25
63999c1c16e56702a1198fe7b6ad4b3b,d697311825401c000ea8144bec102c43,2014-10-12 09:11:15,2014-10-12 09:22:15,-73.956213,40.772494,-73.814753,40.717217,24.54
a4ce28932f13e077fd056acbd7e491d1,72a57bbb7a79047ce7f604ae40b8ef87,2014-06-15 01:53:55,2014-06-15 02:46:55,-74.009132,40.737249,-73.893767,40.638924,27.15
058236fa63d036c2faf5eab7999d1c65,b7bff0417d79cb298c2f94efc506d7f8,2014-05-30 03:35:58,2014-05-30 03:43:58,-73.961853,40.762956,-73.932534,40.704104,16.08
b925a39e25550acabfe34e962c8f3dd5,e37f6f31136ee1d03dc77d7d1cd64833,2014-06-15 02:01:15,2014-06-15 02:16:15,-74.007019,40.740948,-73.848002,40.701303,25.42
c30b82408dd8d5ef17a081494009a1a4,f82cec39005f19929cc170a341fef49d,2014-08-16 18:00:58,2014-08-16 18:45:58,-73.944465,40.723739,-74.005631,40.755945,13.61
a0974bc0246d83a73b2917d98bbacb6d,32da34609358ce6c2f107a7e5cbdd43a,2014-02-12 07:28:23,2014-02-12 08:12:23,-73.874017,40.63869,-73.887823,40.630872,5.78
b471b4206064a6f9fbddb4bb45804ad1,9c30940e196c8d15d868b09dbf88a90b,2014-10-12 09:08:43,2014-10-12 09:51:43,-73.963676,40.771908,-73.864712,40.746525,18.29
3d50b9da1f2287a53084e9dec41ac110,3e9e14ec4bf4873ed4999dd045f3924c,2014-07-22 14:52:25,2014-07-22 15:04:25,-73.780498,40.638399,-73.821431,40.748335,25.2
e22ab8679fcc7fbcb81be56fd5bb2c3c,0b83a46c008616fc59536ed517a4c4db,2014-10-12 09:13:14,2014-10-12 09:49:14,-73.956035,40.772414,-73.944166,40.728809,12.52
63073b943e85ba8b456fc1da93997332,85071a7bf98991eeb4ecb4ebcc372b06,2014-10-12 09:17:57,2014-10-12 09:57:57,-73.958496,40.76918,-73.966044,40.634881,27.57
80acac29af087908cc2f93a48fe3d596,0daafa425a7a45a93ab4b2a29c79159b,2014-02-02 05:16:28,2014-02-02 05:28:28,-73.935824,40.711093,-73.998653,40.712268,11.88
231c251b25dc34f23aea0bdf96e25c0e,fc7a74cffdee6dada2bcccf70dbfbc33,2014-09-10 23:07:27,2014-09-10 23:10:27,-73.994247,40.751082,-73.950136,40.730469,12.04
91edb0a9eefd7d9169432897f12e4e8c,c48a36183a5fa7017d75b9a685f7db96,2014-12-12 04:57:35,2014-12-12 05:27:35,-73.972636,40.631292,-73.866257,40.656199,20.01
92d1b7da56656eb3ba6d07cc768ed0b2,6416071d59b47a0bfbeeb4e1eafe0f84,2014-10-12 09:10:41,2014-10-12 09:23:41,-73.962714,40.773449,-73.964928,40.643696,27.19
9836a6780886d5d11f7ba21baefd0e38,bf1a25851488e07433365ac202c1df93,2014-06-15 01:58:34,2014-06-15 02:05:34,-74.009767,40.744535,-73.831268,40.708337,28.02
cfc2ed5dfdc672aa0e95abfe3f73798b,376cf8e7849c2e055b5f01ea364b68a3,2014-09-10 23:14:02,2014-09-10 23:36:02,-73.994981,40.748229,-74.007008,40.737422,5.95
71c50ab84a5197ce847a94dfc0f49e4a,051a1c3c16675e958c16a07088a0bd27,2014-10-12 09:13:42,2014-10-12 09:26:42,-73.956043,40.771024,-73.936172,40.755567,8.32
80d9ce48bc9e984bb88b57c006204cbf,6b48c4096d6a3d4bce5c17d044a80e65,2014-06-15 01:54:25,2014-06-15 02:12:25,-74.008117,40.739028,-73.939409,40.772335,15.11
3382564f2e07986e142298ce1b06c076,6636449252ce224afb5866f3cca0de8f,2014-09-10 23:14:37,2014-09-10 23:31:37,-73.993865,40.752938,-73.968856,40.673586,17.12
cc8c16deef00809550d04782de1cef5c,e71b1a4c7b4067c40e97e032c28d26ef,2014-10-12 09:21:42,2014-10-12 10:02:42,-73.962338,40.769189,-73.89494,40.74849,13.35
7e24206797c98330aaa79bcaa8d3a872,25951826879ffdc429519788ea386e73,2014-06-15 02:06:12,2014-06-15 02:19:12,-74.007584,40.738719,-73.97396,40.700268,12.45
84fdb559ca0a69fdbb6d87a3eb319db7,0a69c11fa6ad93a50c0852ef4fe080f8,2014-10-12 09:24:41,2014-10-12 09:54:41,-73.963443,40.77001,-73.926512,40.742081,9.86
876f92a7c22728b9398b800aefda8971,83c04868f8c75273c89d8c6e966623e4,2014-04-15 22:12:43,2014-04-15 23:08:43,-73.944245,40.759434,-73.861881,40.693508,20.84
eebdf969804c597ea77af1a97ab98574,38bc875bdd86d3d49e81f98c446ee3d9,2014-06-15 02:04:34,2014-06-15 02:26:34,-74.004736,40.741406,-73.856997,40.671565,25.99
b99d730a5ac32c42b40828115b4b1d05,9b247fd8d4f82cff6a3d301624aa83b7,2014-11-18 01:16:33,2014-11-18 02:15:33,-73.964019,40.623892,-73.841821,40.661949,21.21
0acc466fe1970fdbfe2f772c1a62f5bf,acb65fb1f52f4c174f1303f79f0db0cd,2014-04-30 07:18:52,2014-04-30 07:53:52,-73.905625,40.719635,-73.81449,40.709017,15.6
0d13006e8d97151ed955d270c9668e65,0dc300ff06097425aa5fefdd2dd5aef9,2014-12-29 18:32:22,2014-12-29 19:19:22,-74.006554,40.788332,-73.939142,40.62624,33.02
8d3b0f7abbcb87465d535951af93c26c,f14fef3c3f3a624fa1dfe4f0722c4884,2014-09-10 23:05:41,2014-09-10 23:26:41,-73.993259,40.751266,-73.803121,40.620854,37.12
67f566369f8501b3b0bda52d808de821,4140fb17de82040891e38eeb3c555c57,2014-09-10 23:05:58,2014-09-10 23:34:58,-73.996109,40.75445,-73.861697,40.699442,24.48
59d95a199e9667f7291ea3f9e8072d86,5cffd1038508554d8596dee8b4e51052,2014-09-10 23:22:48,2014-09-11 00:17:48,-73.989847,40.754423,-73.931643,40.649326,23.67
5e7e1986bc9eddd220be2d317f11fe22,004881dff338adb4ae39e00028e91e96,2014-09-15 16:17:19,2014-09-15 16:59:19,-73.949895,40.750861,-73.969267,40.764507,7.71
e865e3d6c7e38c776d378a746e7ed281,8c46e2efae86282c3711c2718d20ba74,2014-06-15 02:09:37,2014-06-15 03:00:37,-74.008411,40.742444,-74.00848,40.790586,11.85
b0ba39d390d7a9fa1939ff4666ebf25d,1ff756cf167b5e536b17bb16ee277169,2014-08-09 20:46:24,2014-08-09 21:02:24,-73.863596,40.703981,-73.931564,40.65753,17.41
a579598bfc488f4477b5ffcb30b1d343,46aa93604a1ed165a19517e01f6f683c,2014-06-15 02:04:40,2014-06-15 02:40:40,-74.009914,40.739331,-73.920843,40.651029,23.88
781a54116dfa396a6a5bdbadb44f3d44,8747d89edfc24c037e557c8e7e5846ef,2014-03-26 01:22:50,2014-03-26 01:42:50,-73.999864,40.756366,-73.871034,40.687901,24.56
58a836ad639867db949723ba2a941734,39a21f3f58287334901197c82e6a8daa,2014-12-24 22:50:31,2014-12-24 23:00:31,-73.885647,40.635713,-73.997736,40.704028,22.77
502b5e2c1109cf37d1bc021a2b3a8f6a,983b150aa382e2eb39a341a6eb1bdcfd,2014-07-22 14:41:37,2014-07-22 14:48:37,-73.774241,40.639204,-73.932954,40.763619,34.95
3e783489af08b79893acc6e2ae0db32b,4e55bff967db9c7c18ca5d75935afad5,2014-07-22 14:38:17,2014-07-22 15:37:17,-73.781672,40.640774,-73.962003,40.646722,28.4
2e01b2ee0027256ae954ffbedefc73ee,102e26d93c957b8ede90ddc82dc314e5,2014-08-20 12:34:18,2014-08-20 12:48:18,-73.827021,40.721105,-73.987983,40.765031,27.02
57571f42ea3ddafa6f9282dda72588cf,402e26c9ad551c637a14305cca3635b6,2014-12-01 15:12:28,2014-12-01 15:47:28,-73.916836,40.672592,-73.851561,40.671304,12.51
917ca3eee746ed8e026a5b8a16b4fe66,18d3497be4866120046f33ec17d02cbf,2014-07-22 14:43:00,2014-07-22 15:18:00,-73.775143,40.644688,-73.841856,40.690674,15.71
17bde75c79399a090e85f8f152e784c8,7a90e147204d0b3335e265b6cedf267f,2014-09-10 23:20:30,2014-09-10 23:46:30,-73.990268,40.74964,-73.899775,40.637405,25.95
7576597afd1fe65c89d277058ecadc57,6aa38d582059486b86cd2e3f81b91aa3,2014-09-10 23:18:47,2014-09-10 23:21:47,-73.994365,40.751893,-73.960978,40.732544,9.15
ddbcbcf53d2dd4bef6f187c1c0ea76d2,60511bf675d0ac897f0e6682a560d012,2014-10-12 09:23:27,2014-10-12 10:13:27,-73.95772,40.770933,-73.905368,40.627984,29.05
0ffe15ba6cc105c01b9db68398518568,02748fa96350010e36d6009fcc3d7be5,2014-07-22 14:38:03,2014-07-22 14:46:03,-73.77801,40.639779,-73.99757,40.797431,43.41
44de3a91340d1c3d0b5ee48ffd9c757b,f55c30c4bff1cfa6a03c1999a9099a7b,2014-10-12 09:09:23,2014-10-12 09:30:23,-73.963728,40.770515,-73.962469,40.705688,16.43
0bfe2249f32c82cfa778d59a1604df49,e2e69e78e201aaf58ae9fb2188dc16b9,2014-09-10 23:24:25,2014-09-11 00:16:25,-73.997341,40.750804,-73.959639,40.721078,10.65
e61f9284ed3488f7d20ecc4f484ab014,286af5507f7fdaad04f04302416b3d1f,2014-07-22 14:45:29,2014-07-22 15:03:29,-73.777888,40.638835,-73.920621,40.654752,22.84
b3d6e05efe85ce2fec8fed7c5961a3e3,90c0d1890e7c0fb0ee8f76c4a31f2ef3,2014-07-22 14:50:42,2014-07-22 14:56:42,-73.775164,40.64524,-73.999385,40.770143,39.8
74022f771e25481256112c09a71fb081,9a4ff93ded21f44a696d463f85e38135,2014-07-12 21:49:32,2014-07-12 22:10:32,-74.002903,40.763477,-73.952137,40.751631,10.49
bc68e6ceafc66c98596f3c6de514accb,c9331a8a07e47a439dcad66a571a9602,2014-02-25 09:27:36,2014-02-25 10:10:36,-74.001493,40.795762,-73.982929,40.773613,9.3
2992178b0ab248befd378be4313c2b65,0fbb5bdfcea89bdc751d042e6c57dbca,2014-10-12 09:11:12,2014-10-12 09:55:12,-73.960277,40.774182,-73.998502,40.794745,11.37
9231947e0f529f0ff1e3300732ce3cbf,3d412f3a18c02ca5d67066d74a0c3e71,2014-07-27 19:38:25,2014-07-27 20:38:25,-73.853644,40.631157,-73.936201,40.791746,34.69
70d0498946f93a8dbbbe15b0cd795266,7ac9910a7cb74d97541007bdb5dfd0f1,2014-09-27 12:58:11,2014-09-27 13:07:11,-73.875005,40.632313,-73.986646,40.697279,23.03
feaa24a3ef8d3e7a569fccacc7efa371,f2d8d4bbd1ce2f70c652127e7b9260f3,2014-09-10 23:15:30,2014-09-10 23:45:30,-73.993074,40.750327,-73.862732,40.671183,25.3
ac07aa8418b2588013b5768ea6f8a949,93f697baf2549eee9e932ba84e20776a,2014-04-08 01:26:44,2014-04-08 02:21:44,-73.974916,40.705665,-73.98487,40.72826,8.62
0c7da4a68abbc186e2ae0d5065f3f9f7,02ad6c1d370bf209a0fd184f86efc415,2014-09-10 23:10:01,2014-09-10 23:52:01,-73.990516,40.753451,-73.817703,40.727898,27.81
f885d3737126f305c67ebaf06f512a68,7e00a55ff7cebeaad110e3455f8b41bd,2014-03-06 06:44:29,2014-03-06 07:15:29,-73.945701,40.67211,-73.967999,40.643929,9.22
34c41003789263790c8447d7e70f5abc,e03659c194480f25d94aee7d7cb011e0,2014-05-29 06:28:08,2014-05-29 07:12:08,-73.934421,40.745607,-73.81196,40.707948,20.66
90c0771fe30f703616b3a31414470e18,f334a65344774327bfc2ac600f421d4c,2014-06-14 01:24:09,2014-06-14 02:10:09,-73.921787,40.718503,-73.943392,40.68862,10.63
04fde702738ed4f1b032130e0f7202f3,2419bfe6d6c719cb5756ff81e91ca38e,2014-04-21 03:23:05,2014-04-21 03:43:05,-73.840972,40.729003,-73.951689,40.673913,22.59
95a62b3e08077dc8d5fc16e7a8229322,83fe028de135d6524523e3aad5b524c2,2014-10-26 02:57:18,2014-10-26 03:23:18,-73.932208,40.731482,-73.910999,40.7101,10.01
2f4ff1ff7318ea6744c0e001220e72e2,e092d0e506900b63992a5b847f3bc81a,2014-06-15 02:02:41,2014-06-15 02:06:41,-74.007129,40.744585,-73.98514,40.770978,8.43
2ed2410b2add1b21016659cfee8c0caa,5d169af50b14e12090676f83adaf5b8a,2014-12-25 21:48:09,2014-12-25 21:59:09,-73.94128,40.703959,-73.8286,40.672122,21.04
01a728ea9531c2cae28ed6fdee428432,c703d76f889b40759747928d6c84ff7b,2014-03-02 00:37:27,2014-03-02 01:34:27,-73.964389,40.737582,-73.95539,40.730998,6.82
ada92bbd4549e1ff9e1fb480b3bbe9d5,e21469f192e74c87cef84186f878dcfd,2014-06-15 02:01:47,2014-06-15 02:34:47,-74.009278,40.740516,-73.952531,40.731258,12.43
f560f7fb58b92b8848157dbf27c05395,f95aff77dc59bc536c91dcf872d22bd8,2014-06-15 02:10:01,2014-06-15 02:17:01,-74.006598,40.74156,-73.934672,40.740378,13.84
b188b48c705fad5a79c44bbcfa10d332,5ae1c6d352d6c28dd3dd288259b44e19,2014-08-24 15:26:28,2014-08-24 16:00:28,-73.812183,40.665283,-73.97191,40.794148,35.18
1836e1591ee79f810104064b945747ab,fae16e84b8bbd8bf89f9440914a824f1,2014-07-22 14:43:11,2014-07-22 14:56:11,-73.778129,40.637615,-73.971547,40.76882,37.57
abe755b47c87a004cf15d86219638d24,8bd5aa376ca82ebab81eff142a9b868d,2014-09-22 15:30:15,2014-09-22 15:37:15,-73.973583,40.733216,-73.956717,40.796224,15.17
9434ad4eb1aebeb9a8e0e72728deeb1d,e37c3265065e93610cf3900d11fa3036,2014-10-12 09:09:00,2014-10-12 10:06:00,-73.963018,40.776425,-73.944296,40.714276,15.8
ed7d2800f4d3e5d1ffae74fe5ca6caa4,5d86ccff4e50162576dcd63fe98c6a9a,2014-10-12 09:14:34,2014-10-12 10:04:34,-73.962612,40.769568,-73.960267,40.723939,11.92
a60582b24ea74057215c310935aa3493,95fa4a83b6852bb125efbf7be4858e74,2014-07-22 14:36:55,2014-07-22 15:04:55,-73.775381,40.641874,-74.009695,40.70545,35.82
a2c315d6925faf89a4624bf5a4659522,b6d70b20f5942ba44a5a1ce8c49cd9a0,2014-04-08 07:48:53,2014-04-08 07:58:53,-73.97286,40.76703,-73.98349,40.679976,19.74
91f6eb84975bbc867e32cb113c7c2cd5,9ef3f4436db1bdae8ab63ac86d5c9606,2014-04-20 14:21:33,2014-04-20 14:34:33,-74.009122,40.721191,-73.99498,40.790969,15.7
acee354e90be352eee5e05f65989f3fd,0cb7caeaba8b9e41625f8ecddf109ece,2014-10-12 09:20:56,2014-10-12 09:42:56,-73.959521,40.772213,-73.818869,40.674862,28.44
56c97e45c74db315d90f3c291b452081,f0fd8dc5a15f4640c647fea74a1517e4,2014-10-12 09:05:24,2014-10-12 09:21:24,-73.957764,40.769804,-73.809114,40.704132,25.91
d0e5fd2090952963d9b56ae3db3a8f77,82f6583e0f230ef2e9587c85315b6e37,2014-09-10 23:08:13,2014-09-10 23:25:13,-73.995378,40.751435,-73.946027,40.718136,13.78
91cd90e33cb5b89bb5b9557b90544328,5b0b3cb145013e8062eba535e56352f7,2014-07-22 14:52:40,2014-07-22 14:57:40,-73.777164,40.642213,-73.823444,40.684856,13.74
6f9620ed8344537a5df87711b6a5b561,600d093913e683a3b11fe7330c2208e9,2014-12-21 13:32:23,2014-12-21 13:50:23,-73.933995,40.654386,-73.973341,40.769372,25.29
7461f7106d33d3a5775f4245724606fd,8885cd72ff9a7594b37cb6b168d17a6c,2014-06-15 02:08:44,2014-06-15 02:26:44,-74.005704,40.744711,-73.948787,40.706861,13.43
9ee993809f648d39d24f5ba8f862d7f1,40a420cf0f1e27095317aa76463e0882,2014-10-12 09:14:22,2014-10-12 10:12:22,-73.958456,40.771086,-73.953324,40.771334,5.51
e6707a9e78cd3a8c0364102de42f3ee3,26cba1dd9437a553544d62a0bb7916c8,2014-07-22 14:39:57,2014-07-22 15:24:57,-73.776924,40.64014,-73.958398,40.756322,35.72
9c596f28465987d58487deefa4b60fcb,8dd889a142e492cd45fdb49c2323f469,2014-10-12 09:17:04,2014-10-12 09:42:04,-73.957344,40.773824,-73.939167,40.748962,9.1
44c5f652120d1d1fdb51e9bd19d77710,9b6b73b4816df62e2422b7e596b17b5b,2014-09-10 23:18:45,2014-09-11 00:00:45,-73.992106,40.747262,-73.956903,40.748193,9.21
dc5e77f0eb9c47af5467054e98231939,f7dc4a1798059c66fbd4d2bde05673a8,2014-10-12 09:10:09,2014-10-12 09:34:09,-73.957845,40.774779,-73.829318,40.736521,23.25
f1dfb2eb7d4b1da2315409264709422a,d91dce064f12479b717838cc5ff7047c,2014-07-22 14:53:57,2014-07-22 15:03:57,-73.778572,40.638826,-73.8619,40.639686,14.95
f1456d4204efb7596410fcffb5c7be6c,83b9e6d4c811b55e509c3a3fcc4fa48b,2014-12-07 08:41:35,2014-12-07 09:13:35,-73.98893,40.712079,-73.93559,40.755458,15.1
0b4424927f5a45cea51391576d6cfb1f,31350ec8ed2c45da0672f6b1571f3581,2014-07-22 14:39:08,2014-07-22 15:02:08,-73.778273,40.645285,-73.965364,40.660788,29.94
efb08ef1cda77cc654234f098e06e90c,d620b1f890a57f7b434fb3307f44427a,2014-04-25 11:03:08,2014-04-25 11:06:08,-73.834906,40.648252,-73.970931,40.712344,23.99
a5fcf9f5d02f0aa973fb7e6f2918be80,63913bcee4039ae2dba7ce677e138b0d,2014-09-10 23:06:21,2014-09-10 23:43:21,-73.996453,40.754089,-73.970895,40.729138,8.53
2d582e009bc6d0dc1416c16b2d76a1ba,2b5a77ee2051fee6724ad813948b6748,2014-09-14 11:39:38,2014-09-14 12:29:38,-73.943968,40.657091,-73.975527,40.760652,21.99
002b4cfc5b8920a87065fc131f9732d1,97bd664da9d3ec2fcc215ff9551dc7b9,2014-01-13 03:57:13,2014-01-13 04:38:13,-73.927701,40.74174,-73.972127,40.743011,8.95
4199c52f2a4501c6725133b51cdc60b4,cce70de19031b3f84d1fe05ed9e1ae90,2014-09-10 23:20:44,2014-09-10 23:42:44,-73.995148,40.751353,-73.835576,40.669584,28.3
cd10071b585c1056f9a7a00cbbf19edc,91a21358d121a3c8e20582d1b772638c,2014-06-15 02:08:37,2014-06-15 02:27:37,-74.006458,40.739508,-73.941813,40.785177,16.71
37687df02e41cb8f7ae3f88cf3551f48,27c48d118019a5e52b33a370b2a2e9cd,2014-07-18 15:55:15,2014-07-18 16:54:15,-73.955137,40.620157,-73.979169,40.722668,21.87
9a447434eccd17a9750a073f69036128,2dfca184e2ffaee57bd627bee5a342a3,2014-11-20 07:30:15,2014-11-20 08:25:15,-73.934656,40.720314,-73.853582,40.694251,15.83
6c182bfcafce5e624ca7fc162db66ed0,6cdc3b522674336a771c1fef5835e08d,2014-06-15 02:02:52,2014-06-15 02:28:52,-74.009049,40.741232,-74.003103,40.761195,7.31
a5d941d4834813ef4c394713a613a93e,0d1f424ee3170e554e7040a8fafff7a3,2014-10-12 09:13:37,2014-10-12 09:55:37,-73.956699,40.773647,-73.985416,40.633427,28.94
2483c9b65ba549dcfb311b58cdc40be7,74b9be2674b920046942dbe16662582f,2014-06-15 01:59:35,2014-06-15 02:37:35,-74.009727,40.742227,-73.963381,40.733336,9.61
7acfc9c63df8479cd974aeb0d55c2410,6a8734c29992ef299f82a400ec842aef,2014-07-22 14:43:40,2014-07-22 15:13:40,-73.774377,40.640527,-73.893243,40.620607,20.78
8a6eb2b91d6159d03cd4ab9dc875baf6,c487db4d635193d19d737420fba054d8,2014-05-27 18:22:40,2014-05-27 19:07:40,-73.959642,40.770129,-73.99842,40.733013,12.23
84e2e02c34a92ad093ddbca0b6d87151,7cb9a428bffb308f3e232084e4b00a57,2014-09-10 23:14:39,2014-09-10 23:49:39,-73.994679,40.747733,-73.895274,40.715217,19.11
1e5f4c1cae7ab3d06abbddd4d9de7fa6,3027a49fcd0033ce3704b2c1bfe384ad,2014-09-10 23:08:20,2014-09-11 00:05:20,-73.991578,40.746685,-73.859861,40.742257,20.45
51a561fc556b3c7d02fdbcb03cd1d321,2c18c41de410f788509cbdc8b678cdce,2014-10-12 09:19:50,2014-10-12 09:23:50,-73.958999,40.774622,-73.930971,40.632656,28.69
929d8bb9b02ed41f7e84d4d7b0a72878,8ac449695b345de6db22438443c20fc4,2014-07-22 14:54:20,2014-07-22 15:38:20,-73.774936,40.639503,-73.956358,40.67967,28.52
8202fe3f6a19ee1a9b8b3ef4ec7ea0b8,7c75e38329a23bb70045f848821a1233,2014-09-10 23:19:29,2014-09-10 23:43:29,-73.992628,40.753879,-73.979163,40.722981,8.89
1c75efa6369d7d494d7e8fb162086af2,e15f5551636dc27a173b1ed40a8cce2a,2014-09-12 07:49:23,2014-09-12 08:42:23,-73.985594,40.793611,-73.838102,40.651219,35.92
a09c471592dad76dbd0ac4a15ef45148,df6121546e9c44610ea4ee9b7a11c93a,2014-06-15 01:56:52,2014-06-15 02:13:52,-74.009582,40.739687,-73.932056,40.727431,14.75
291a8d639464cb49160189941a514796,ff08cf1b7613b43b72eea25acccd27cf,2014-06-15 01:58:39,2014-06-15 02:44:39,-74.007785,40.741545,-73.920947,40.625904,27.49
b73fbf2f35eb5882abd84dddf54d7e02,1cf1f34c469fdfd48ab00d5c1af61164,2014-06-15 02:02:00,2014-06-15 02:33:00,-74.007292,40.739179,-73.875795,40.659699,26.55
0c4b8b02f9c0c8bcbc29489233210358,2f6890391807c2d52820301dfed2d231,2014-09-10 23:08:46,2014-09-11 00:07:46,-73.994242,40.750984,-73.958321,40.771494,10.96
04ac9583a25801f93885b7b8cf5bb421,80e04f551ab28566c68d7d2ccd40f677,2014-10-12 09:21:39,2014-10-12 10:07:39,-73.961118,40.77372,-73.831094,40.723968,23.62
b1e9187878d73a574ade63c23946c222,eb4a725ab3f8bc54f9adc709394f6069,2014-06-29 00:14:11,2014-06-29 01:05:11,-73.854427,40.639368,-73.875046,40.631611,7.58
def04db0fa465c0300d5f0751d7c724e,11d3169d8960f4a8772584853ff16663,2014-07-22 14:50:41,2014-07-22 15:35:41,-73.779698,40.640168,-73.93988,40.784064,35.97
9b1180167cf77a0c365afe53e014d18e,d3e64e1fc5093fe713e5d6d8f0cfac06,2014-07-22 14:46:51,2014-07-22 15:40:51,-73.77923,40.643205,-73.981865,40.770345,38.86
98a86d1b747e1c2bfe87214929d866d4,487c9b2d3fb9c7199f1a7dbebd80188b,2014-10-12 09:13:41,2014-10-12 09:37:41,-73.956879,40.773435,-73.851917,40.625631,34.31
ebfe764c741dc4ac3575e5a55f2fe0ff,e23c14e33d931c87e25c50af4a34d5a1,2014-11-12 10:13:04,2014-11-12 10:49:04,-73.883056,40.687457,-73.946795,40.771375,20.04
cb2b3c1ff528f19a8c5efe9464936740,cca4a07ad1de8b4a138dcd82395be377,2014-11-10 11:58:11,2014-11-10 12:29:11,-73.899925,40.662522,-73.887971,40.635249,8.91
1d6565e1408109b323eb4d5e5b85c8f0,06a04061784352b3a6d9e3e29c13e027,2014-05-21 20:50:05,2014-05-21 21:38:05,-73.96834,40.742823,-73.904943,40.702406,14.94
f7894c79766616402691925fb1b7cefd,47ffc6f21720cd4967a77a2d4e1bf3e9,2014-06-27 10:47:46,2014-06-27 11:45:46,-73.975421,40.623338,-73.933915,40.753063,27.94
79aa2655627a9c8334d7790634874f9e,11d2b71f89faefeda4f20a77ca080d80,2014-09-10 23:14:47,2014-09-10 23:56:47,-73.995352,40.752111,-73.856431,40.648694,28.53
